Product Name,Product Price,Product Description,Product Rating
"Motorola Edge 50 Ultra 5G (Peach Fuzz, 512 GB)","?49,999","Motorola Edge 50 Ultra 5G (Peach Fuzz, 512 GB)4.32,666 Ratings & 295 Reviews12 GB RAM | 512 GB ROM17.02 cm (6.7 inch) Display50MP + 50MP + 64MP | 50MP Front Camera4500 mAh Battery8s Gen 3 Mobile Platform Processor1 Year on Handset and 6 Months on Accessories",4.3
"Apple iPhone 13 (Blue, 128 GB)","?44,999","Apple iPhone 13 (Blue, 128 GB)4.62,90,623 Ratings & 13,888 Reviews128 GB ROM15.49 cm (6.1 inch) Super Retina XDR Display12MP + 12MP | 12MP Front CameraA15 Bionic Chip Processor1 year warranty for phone and 1 year warranty for in Box Accessories.",4.6
"CMF by Nothing Phone 2 Pro (Light Green, 256 GB)","?20,999","CMF by Nothing Phone 2 Pro (Light Green, 256 GB)4.43,573 Ratings & 433 Reviews8 GB RAM | 256 GB ROM | Expandable Upto 2 TB17.2 cm (6.77 inch) Display50MP + 50MP + 8MP | 16MP Front Camera5000 mAh BatteryDimensity 7300 Pro 5G Processor1 Year Manufacturing Warranty",4.4
"Nothing Phone (3a) (White, 128 GB)","?24,999","Nothing Phone (3a) (White, 128 GB)4.518,599 Ratings & 1,804 Reviews8 GB RAM | 128 GB ROM17.2 cm (6.77 inch) Full HD+ Display50MP (Main) + 50MP (2X Tele Photo) + 8MP (Ultra-Wide) | 32MP Front Camera5000 mAh Battery7s Gen3 Processor1 Year Manufacturing Warranty",4.5
"Google Pixel 8a (Obsidian, 128 GB)","?37,999","Google Pixel 8a (Obsidian, 128 GB)4.35,470 Ratings & 462 Reviews8 GB RAM | 128 GB ROM15.49 cm (6.1 inch) Full HD+ Display64MP + 13MP | 13MP Front Camera4404 mAh BatteryTensor G3 Processor1 Year Domestic Warranty",4.3
"OnePlus 10 Pro 5G (Volcanic Black, 128 GB)","?36,990","OnePlus 10 Pro 5G (Volcanic Black, 128 GB)4.2793 Ratings & 50 Reviews8 GB RAM | 128 GB ROM17.02 cm (6.7 inch) Display48MP Rear Camera | 32MP Front Camera5000 mAh Battery1 Year Manufacturer Warranty for Handset and 6 Months Warranty for In the Box Accessories",4.2
"Nothing Phone (3a) Pro (Grey, 256 GB)","?31,999","Nothing Phone (3a) Pro (Grey, 256 GB)4.53,481 Ratings & 383 Reviews8 GB RAM | 256 GB ROM17.2 cm (6.77 inch) Full HD+ Display50MP (Main) + 50MP (3X Periscope)+ 8MP (Ultra-Wide) | 50MP Front Camera5000 mAh Battery7s Gen3 Processor1 Year Manufacturing Warranty",4.5
"Honor 200 Pro 5G (Ocean Cyan, 512 GB)","?39,999","Honor 200 Pro 5G (Ocean Cyan, 512 GB)3.926 Ratings & 3 Reviews12 GB RAM | 512 GB ROM17.22 cm (6.78 inch) Full HD+ Super AMOLED Display50MP + 50MP + 12MP | 50MP Front Camera5200 mAh BatterySnapdragon 8s Gen 3 Processor1 year manufacturer's warranty for handset & 6 months for accessories",3.9
"SAMSUNG Galaxy A55 5G (Awesome Iceblue, 256 GB)","?48,999","SAMSUNG Galaxy A55 5G (Awesome Iceblue, 256 GB)4.3450 Ratings & 38 Reviews12 GB RAM | 256 GB ROM | Expandable Upto 1 TB16.76 cm (6.6 inch) Full HD+ Display50MP + 12MP + 5MP | 32MP Front Camera5000 mAh BatteryExynos 1480 Processor1 Year Manufacturer Warranty for Device and 6 Months for In-Box Accessories",4.3
"vivo V30 Pro 5G (Classic Black, 512 GB)","?39,999","vivo V30 Pro 5G (Classic Black, 512 GB)4.52,287 Ratings & 262 Reviews12 GB RAM | 512 GB ROM17.22 cm (6.78 inch) Full HD+ Display50MP + 50MP + 50MP | 50MP Front Camera5000 mAh BatteryDimensity 8200 5G Processor1 Year Manufacturer Warranty for Device and 6 Months Manufacturer Warranty for Inbox Accessories",4.5
"SAMSUNG Galaxy A55 5G (Awesome Navy, 256 GB)","?40,999","SAMSUNG Galaxy A55 5G (Awesome Navy, 256 GB)4.3450 Ratings & 38 Reviews12 GB RAM | 256 GB ROM | Expandable Upto 1 TB16.76 cm (6.6 inch) Full HD+ Display50MP + 12MP + 5MP | 32MP Front Camera5000 mAh BatterySamsung Exynos 1480 Processor1 Year Manufacturer Warranty for Device and 6 Months for In-Box Accessories",4.3
"SAMSUNG Galaxy S23 5G (Green, 256 GB)","?49,999","SAMSUNG Galaxy S23 5G (Green, 256 GB)4.677,276 Ratings & 5,316 Reviews8 GB RAM | 256 GB ROM15.49 cm (6.1 inch) Full HD+ Display50MP + 10MP + 12MP | 12MP Front Camera3900 mAh Lithium Ion BatteryQualcomm Snapdragon 8 Gen 2 Processor1 Year Manufacturer Warranty for Device and 6 Months Manufacturer Warranty for In-Box Accessories",4.6
"SAMSUNG Galaxy A54 5G (Awesome Lime, 256 GB)","?37,499","SAMSUNG Galaxy A54 5G (Awesome Lime, 256 GB)4.34,870 Ratings & 400 Reviews8 GB RAM | 256 GB ROM | Expandable Upto 1 TB16.26 cm (6.4 inch) Full HD+ Display50MP + 12MP + 5MP | 32MP Front Camera5000 mAh BatteryExynos 1380, Octa Core Processor1 Year Manufacturer Warranty for Device and 6 Months Manufacturer Warranty for In-Box Accessories",4.3
"SAMSUNG Galaxy S23 5G (Phantom Black, 128 GB)","?44,999","SAMSUNG Galaxy S23 5G (Phantom Black, 128 GB)4.677,276 Ratings & 5,316 Reviews8 GB RAM | 128 GB ROM15.49 cm (6.1 inch) Full HD+ Display50MP + 10MP + 12MP | 12MP Front Camera3900 mAh Lithium Ion BatteryQualcomm Snapdragon 8 Gen 2 Processor1 Year Manufacturer Warranty for Device and 6 Months Manufacturer Warranty for In-Box Accessories",4.6
"SAMSUNG Galaxy A55 5G (Awesome Iceblue, 256 GB)","?36,999","SAMSUNG Galaxy A55 5G (Awesome Iceblue, 256 GB)4.41,530 Ratings & 135 Reviews8 GB RAM | 256 GB ROM | Expandable Upto 1 TB16.76 cm (6.6 inch) Full HD+ Display50MP + 12MP + 5MP | 32MP Front Camera5000 mAh BatterySamsung Exynos 1480 Processor1 Year Manufacturer Warranty for Device and 6 Months for In-Box Accessories",4.4
"SAMSUNG Galaxy A55 5G (Awesome Iceblue, 128 GB)","?33,999","SAMSUNG Galaxy A55 5G (Awesome Iceblue, 128 GB)4.41,530 Ratings & 135 Reviews8 GB RAM | 128 GB ROM | Expandable Upto 1 TB16.76 cm (6.6 inch) Full HD+ Display50MP + 12MP + 5MP | 32MP Front Camera5000 mAh BatterySamsung Exynos 1480 Processor1 Year Manufacturer Warranty for Device and 6 Months for In-Box Accessories",4.4
"OnePlus 12R (Cool Blue, 256 GB)","?39,999","OnePlus 12R (Cool Blue, 256 GB)4.57,262 Ratings & 470 Reviews8 GB RAM | 256 GB ROM17.22 cm (6.78 inch) Display50MP Rear Camera5500 mAh Battery1 Year Warranty 1 year manufacturer warranty for device and 1 year manufacturer warranty for in-box accessories including batteries from the date of purchase",4.5
"OnePlus 11 5G (Eternal Green, 128 GB)","?35,998","OnePlus 11 5G (Eternal Green, 128 GB)4.41,232 Ratings & 121 Reviews8 GB RAM | 128 GB ROM17.02 cm (6.7 inch) Display50MP Rear Camera | 16MP Front Camera5000 mAh Batterydomestic warranty of 12 months on phone & 6 months on accessories",4.4
"OPPO Reno 12 Pro 5G (Space Brown, 512 GB)","?40,999","OPPO Reno 12 Pro 5G (Space Brown, 512 GB)4.45,143 Ratings & 420 Reviews12 GB RAM | 512 GB ROM | Expandable Upto 1 TB17.02 cm (6.7 inch) Full HD+ Display50MP + 8MP + 50MP | 50MP Front Camera5000 mAh BatteryDimensity 7300 Energy Processor1 Year Manufacturer Warranty for Device and 6 Months Manufacturer Warranty for Inbox Accessories",4.4
"SAMSUNG Galaxy S23 5G (Phantom Black, 256 GB)","?49,999","SAMSUNG Galaxy S23 5G (Phantom Black, 256 GB)4.677,276 Ratings & 5,316 Reviews8 GB RAM | 256 GB ROM15.49 cm (6.1 inch) Full HD+ Display50MP + 10MP + 12MP | 12MP Front Camera3900 mAh Lithium Ion BatteryQualcomm Snapdragon 8 Gen 2 Processor1 Year Manufacturer Warranty for Device and 6 Months Manufacturer Warranty for In-Box Accessories",4.6
"Google Pixel 8a (Porcelain, 128 GB)","?37,999","Google Pixel 8a (Porcelain, 128 GB)4.35,470 Ratings & 462 Reviews8 GB RAM | 128 GB ROM15.49 cm (6.1 inch) Full HD+ Display64MP + 13MP | 13MP Front Camera4404 mAh BatteryTensor G3 Processor1 Year Domestic Warranty",4.3
"Google Pixel 8a (Aloe, 128 GB)","?37,999","Google Pixel 8a (Aloe, 128 GB)4.35,470 Ratings & 462 Reviews8 GB RAM | 128 GB ROM15.49 cm (6.1 inch) Full HD+ Display64MP + 13MP | 13MP Front Camera4404 mAh BatteryTensor G3 Processor1 Year Domestic Warranty",4.3
"Honor 200 Pro 5G (Black, 512 GB)","?38,000","Honor 200 Pro 5G (Black, 512 GB)3.926 Ratings & 3 Reviews12 GB RAM | 512 GB ROM17.22 cm (6.78 inch) Full HD+ Super AMOLED Display50MP + 50MP + 12MP | 50MP Front Camera5200 mAh BatterySnapdragon 8s Gen 3 Processor1 year manufacturer's warranty for handset & 6 months for accessories",3.9
"Google Pixel 8a (Obsidian, 256 GB)","?44,999","Google Pixel 8a (Obsidian, 256 GB)4.35,470 Ratings & 462 Reviews8 GB RAM | 256 GB ROM15.49 cm (6.1 inch) Full HD+ Display64MP + 13MP | 13MP Front Camera4404 mAh BatteryTensor G3 Processor1 Year Domestic Warranty",4.3
"vivo V40 5G (Lotus Purple, 512 GB)","?42,899","vivo V40 5G (Lotus Purple, 512 GB)4.61,110 Ratings & 110 Reviews12 GB RAM | 512 GB ROM17.22 cm (6.78 inch) Full HD+ Display50MP + 50MP | 50MP Front Camera5500 mAh BatterySnapdragon 7 Gen 3 Processor1 Year Warranty on Handset and 6 Months Warranty on Accessories",4.6
"OnePlus 10T 5G (Moonstone Black, 256 GB)","?39,991","OnePlus 10T 5G (Moonstone Black, 256 GB)4.2215 Ratings & 15 Reviews12 GB RAM | 256 GB ROM17.02 cm (6.7 inch) Display50MP Rear Camera4800 mAh Battery1 year on phone & 6 months on accessories",4.2
"CMF by Nothing Phone 2 Pro (Light Green, 256 GB)","?20,999","CMF by Nothing Phone 2 Pro (Light Green, 256 GB)4.43,573 Ratings & 433 Reviews8 GB RAM | 256 GB ROM | Expandable Upto 2 TB17.2 cm (6.77 inch) Display50MP + 50MP + 8MP | 16MP Front Camera5000 mAh BatteryDimensity 7300 Pro 5G Processor1 Year Manufacturing Warranty",4.4
"Nothing Phone (3a) (White, 128 GB)","?24,999","Nothing Phone (3a) (White, 128 GB)4.518,599 Ratings & 1,804 Reviews8 GB RAM | 128 GB ROM17.2 cm (6.77 inch) Full HD+ Display50MP (Main) + 50MP (2X Tele Photo) + 8MP (Ultra-Wide) | 32MP Front Camera5000 mAh Battery7s Gen3 Processor1 Year Manufacturing Warranty",4.5
"Xiaomi 12 Pro 5G (Couture Blue, 256 GB)","?41,999","Xiaomi 12 Pro 5G (Couture Blue, 256 GB)4.11,061 Ratings & 121 Reviews12 GB RAM | 256 GB ROM17.09 cm (6.73 inch) Full HD+ Display50MP + 50MP + 50MP | 32MP Front Camera4600 mAh Lithium Polymer BatterySnapdragon 8 Gen 1 Processor1 Year Manufacturer Warranty for Phone and 6 Months Warranty for In the Box Accessories",4.1
"OnePlus 11 5G (Titan Black, 128 GB)","?49,990","OnePlus 11 5G (Titan Black, 128 GB)4.41,232 Ratings & 121 Reviews8 GB RAM | 128 GB ROM17.02 cm (6.7 inch) Display50MP Rear Camera | 16MP Front Camera5000 mAh Batterydomestic warranty of 12 months on phone & 6 months on accessories",4.4
"Apple iPhone 16e (White, 128 GB)","?54,100","Apple iPhone 16e (White, 128 GB)4.6833 Ratings & 47 Reviews128 GB ROM15.49 cm (6.1 inch) Super Retina XDR Display48MP Rear Camera | 12MP Front CameraA18 Chip, 6 Core Processor1 year warranty for phone and 1 year warranty for in Box Accessories.",4.6
"OnePlus 11R 5G (Galactic Silver, 256 GB)","?38,700","OnePlus 11R 5G (Galactic Silver, 256 GB)4.514,205 Ratings & 914 Reviews16 GB RAM | 256 GB ROM17.02 cm (6.7 inch) Display50MP Rear Camera | 16MP Front Camera5000 mAh BatteryDomestic warranty of 12 months on phone & 6 months on accessories",4.5
"Nothing Phone (3a) Pro (Grey, 256 GB)","?31,999","Nothing Phone (3a) Pro (Grey, 256 GB)4.53,481 Ratings & 383 Reviews8 GB RAM | 256 GB ROM17.2 cm (6.77 inch) Full HD+ Display50MP (Main) + 50MP (3X Periscope)+ 8MP (Ultra-Wide) | 50MP Front Camera5000 mAh Battery7s Gen3 Processor1 Year Manufacturing Warranty",4.5
"SAMSUNG Galaxy S24 5G (Marble Gray, 128 GB)","?54,999","SAMSUNG Galaxy S24 5G (Marble Gray, 128 GB)4.63,455 Ratings & 253 Reviews8 GB RAM | 128 GB ROM15.75 cm (6.2 inch) Full HD+ Display50MP + 10MP + 12MP | 12MP Front Camera4000 mAh BatteryExynos 2400 Processor1 Year Manufacturer Warranty for Device and 6 Months for In-Box Accessories",4.6
"vivo X90 (Asteroid Black, 256 GB)","?48,778","vivo X90 (Asteroid Black, 256 GB)4.3508 Ratings & 61 Reviews12 GB RAM | 256 GB ROM17.22 cm (6.78 inch) Full HD+ Display50MP + 12MP + 12MP | 32MP Front Camera4810 mAh BatteryDimensity 9200 Processor1 Year Handset and 6 Months Accessories",4.3
"vivo X80 (Cosmic Black, 128 GB)","?54,999","vivo X80 (Cosmic Black, 128 GB)4.41,052 Ratings & 179 Reviews8 GB RAM | 128 GB ROM17.22 cm (6.78 inch) Full HD+ Display50MP + 12MP + 12MP | 32MP Front Camera4500 mAh Lithium BatteryMediatek Dimensity 9000 Processor1 Year on Handset and 6 Months on Accessories",4.4
"SAMSUNG S23 FE (Graphite, 128 GB)","?49,999","SAMSUNG S23 FE (Graphite, 128 GB)4.516 Ratings & 3 Reviews8 GB RAM | 128 GB ROM16.26 cm (6.4 inch) Full HD+ Super AMOLED Display50MP + 12MP + 8MP | 10MP Front Camera4500 mAh BatteryQualcomm SM8450 Snapdragon 8 Gen 1 Processor1 Year Manufacturer Warranty for Device and 6 Months Manufacturer Warranty for In-Box Accessories",4.5
"OnePlus 12 (Glacial White, 256 GB)","?57,999","OnePlus 12 (Glacial White, 256 GB)4.61,307 Ratings & 105 Reviews12 GB RAM | 256 GB ROM17.32 cm (6.82 inch) Full HD+ AMOLED Display50MP Rear Camera5400 mAh BatteryQualcomm SM8650-AB Snapdragon 8 Gen 3 (4 nm) Processor1 Year manufacturer warranty for device and 1 year manufacturer warranty for in-box accessories including batteries from the date of purchase",4.6
"vivo V30 5G (Classic Black, 256 GB)","?37,899","vivo V30 5G (Classic Black, 256 GB)4.51,143 Ratings & 97 Reviews12 GB RAM | 256 GB ROM17.22 cm (6.78 inch) Full HD+ Display50MP + 50MP | 50MP Front Camera5000 mAh Battery7 Gen 3 Processor1 Year Manufacturer Warranty for Device and 6 Months Manufacturer Warranty for Inbox Accessories",4.5
"SAMSUNG Galaxy S23 5G (Lavender, 256 GB)","?49,999","SAMSUNG Galaxy S23 5G (Lavender, 256 GB)4.677,276 Ratings & 5,316 Reviews8 GB RAM | 256 GB ROM15.49 cm (6.1 inch) Full HD+ Display50MP + 10MP + 12MP | 12MP Front Camera3900 mAh Lithium Ion BatteryQualcomm Snapdragon 8 Gen 2 Processor1 Year Manufacturer Warranty for Device and 6 Months Manufacturer Warranty for In-Box Accessories",4.6
"Xiaomi 12 Pro 5G (Noir Black, 256 GB)","?36,899","Xiaomi 12 Pro 5G (Noir Black, 256 GB)4.1647 Ratings & 94 Reviews8 GB RAM | 256 GB ROM17.09 cm (6.73 inch) Full HD+ Display50MP + 50MP + 50MP | 32MP Front Camera4600 mAh Lithium Polymer BatterySnapdragon 8 Gen 1 Processor1 Year Manufacturer Warranty for Phone and 6 Months Warranty for In the Box Accessories",4.1
"OnePlus 11R 5G (Sonic Black, 256 GB)","?43,999","OnePlus 11R 5G (Sonic Black, 256 GB)4.514,205 Ratings & 914 Reviews16 GB RAM | 256 GB ROM17.02 cm (6.7 inch) Display50MP Rear Camera5000 mAh BatteryDomestic warranty of 12 months on phone & 6 months on accessries",4.5
"OnePlus 12R (Cool Blue, 128 GB)","?35,999","OnePlus 12R (Cool Blue, 128 GB)4.57,262 Ratings & 470 Reviews8 GB RAM | 128 GB ROM17.22 cm (6.78 inch) Display50MP Rear Camera5500 mAh Battery1 Year Brand Warranty",4.5
"SAMSUNG Galaxy S23 FE (Purple, 128 GB)","?34,999","SAMSUNG Galaxy S23 FE (Purple, 128 GB)4.471,351 Ratings & 4,376 Reviews8 GB RAM | 128 GB ROM16.26 cm (6.4 inch) Full HD+ Display50MP + 12MP | 10MP Front Camera4500 mAh BatteryExynos 2200 Processor1 Year Manufacturer Warranty for Device and 6 Months for In-Box Accessories",4.4
"vivo V29 Pro 5G (Blue, 256 GB)","?38,768","vivo V29 Pro 5G (Blue, 256 GB)4.51,742 Ratings & 208 Reviews12 GB RAM | 256 GB ROM17.22 cm (6.78 inch) Full HD+ AMOLED Display50MP + 12MP + 8MP | 50MP Front Camera4600 mAh BatteryDimensity 8200 Processor1 Year Manufacturer Warranty for Phone and 6 Months Warranty for In the Box Accessories",4.5
"vivo V29 Pro 5G (Black, 256 GB)","?39,999","vivo V29 Pro 5G (Black, 256 GB)4.56,248 Ratings & 908 Reviews8 GB RAM | 256 GB ROM17.22 cm (6.78 inch) Full HD+ AMOLED Display50MP + 12MP + 8MP | 50MP Front Camera4600 mAh BatteryDimensity 8200 Processor1 Year Manufacturer Warranty for Phone and 6 Months Warranty for In the Box Accessories",4.5
"Samsung Galaxy S21 FE 5G with Snapdragon 888 (Lavender, 256 GB)","?39,990","Samsung Galaxy S21 FE 5G with Snapdragon 888 (Lavender, 256 GB)4.31,51,814 Ratings & 14,085 Reviews8 GB RAM | 256 GB ROM16.26 cm (6.4 inch) Full HD+ Display12MP + 12MP + 8MP (OIS) | 32MP Front Camera4500 mAh Lithium-ion BatterySnapdragon 888 Processor1 Year Manufacturer Warranty for Device and 6 Months Manufacturer Warranty for In-Box Accessories",4.3
"Xiaomi 12 Pro 5G (Couture Blue, 256 GB)","?35,990","Xiaomi 12 Pro 5G (Couture Blue, 256 GB)4.1647 Ratings & 94 Reviews8 GB RAM | 256 GB ROM17.09 cm (6.73 inch) Full HD+ Display50MP + 50MP + 50MP | 32MP Front Camera4600 mAh Lithium Polymer BatterySnapdragon 8 Gen 1 Processor1 Year Manufacturer Warranty for Phone and 6 Months Warranty for In the Box Accessories",4.1
"SAMSUNG Galaxy S23 5G (Cream, 128 GB)","?44,999","SAMSUNG Galaxy S23 5G (Cream, 128 GB)4.677,276 Ratings & 5,316 Reviews8 GB RAM | 128 GB ROM15.49 cm (6.1 inch) Full HD+ Display50MP + 10MP + 12MP | 12MP Front Camera3900 mAh Lithium Ion BatteryQualcomm Snapdragon 8 Gen 2 Processor1 Year Manufacturer Warranty for Device and 6 Months Manufacturer Warranty for In-Box Accessories",4.6
"Apple iPhone 12 (White, 64 GB)","?48,900","Apple iPhone 12 (White, 64 GB)4.62,12,154 Ratings & 13,932 Reviews64 GB ROM15.49 cm (6.1 inch) Super Retina XDR Display12MP + 12MP | 12MP Front CameraA14 Bionic Chip with Next Generation Neural Engine ProcessorCeramic ShieldIndustry-leading IP68 Water ResistanceAll Screen OLED Display12MP TrueDepth Front Camera with Night Mode, 4K Dolby Vision HDR Recording1 year warranty for phone and 1 year warranty for in Box Accessories.",4.6
"Xiaomi 12 Pro 5G (Opera Mauve, 256 GB)","?36,949","Xiaomi 12 Pro 5G (Opera Mauve, 256 GB)4.1647 Ratings & 94 Reviews8 GB RAM | 256 GB ROM17.09 cm (6.73 inch) Full HD+ Display50MP + 50MP + 50MP | 32MP Front Camera4600 mAh Lithium Polymer BatterySnapdragon 8 Gen 1 Processor1 Year Manufacturer Warranty for Phone and 6 Months Warranty for In the Box Accessories",4.1
"OnePlus 11 5G (Eternal Green, 128 GB)","?36,498","OnePlus 11 5G (Eternal Green, 128 GB)4.41,232 Ratings & 121 Reviews8 GB RAM | 128 GB ROM17.02 cm (6.7 inch) Display50MP Rear Camera5000 mAh Batterydomestic warranty of 12 months on phone & 6 months on accessories",4.4
"CMF by Nothing Phone 2 Pro (Light Green, 256 GB)","?20,999","CMF by Nothing Phone 2 Pro (Light Green, 256 GB)4.43,573 Ratings & 433 Reviews8 GB RAM | 256 GB ROM | Expandable Upto 2 TB17.2 cm (6.77 inch) Display50MP + 50MP + 8MP | 16MP Front Camera5000 mAh BatteryDimensity 7300 Pro 5G Processor1 Year Manufacturing Warranty",4.4
"Nothing Phone (3a) (White, 128 GB)","?24,999","Nothing Phone (3a) (White, 128 GB)4.518,599 Ratings & 1,804 Reviews8 GB RAM | 128 GB ROM17.2 cm (6.77 inch) Full HD+ Display50MP (Main) + 50MP (2X Tele Photo) + 8MP (Ultra-Wide) | 32MP Front Camera5000 mAh Battery7s Gen3 Processor1 Year Manufacturing Warranty",4.5
"Apple iPhone 11 (Black, 128 GB)","?48,900","Apple iPhone 11 (Black, 128 GB)4.62,06,144 Ratings & 11,403 Reviews128 GB ROM15.49 cm (6.1 inch) Liquid Retina HD Display12MP + 12MP | 12MP Front CameraA13 Bionic Chip Processor1 year warranty for phone and 1 year warranty for in Box Accessories.",4.6
"IQOO Neo9 Pro (Conqueror Black, 128 GB)","?37,990","IQOO Neo9 Pro (Conqueror Black, 128 GB)4.5645 Ratings & 42 Reviews8 GB RAM | 128 GB ROM17.22 cm (6.78 inch) Display50MP Rear Camera5160 mAh Battery1 Year",4.5
"Nothing Phone (3a) Pro (Grey, 256 GB)","?31,999","Nothing Phone (3a) Pro (Grey, 256 GB)4.53,481 Ratings & 383 Reviews8 GB RAM | 256 GB ROM17.2 cm (6.77 inch) Full HD+ Display50MP (Main) + 50MP (3X Periscope)+ 8MP (Ultra-Wide) | 50MP Front Camera5000 mAh Battery7s Gen3 Processor1 Year Manufacturing Warranty",4.5
"OPPO Reno 12 Pro 5G (Sunset Gold, 256 GB)","?36,999","OPPO Reno 12 Pro 5G (Sunset Gold, 256 GB)4.45,143 Ratings & 420 Reviews12 GB RAM | 256 GB ROM | Expandable Upto 1 TB17.02 cm (6.7 inch) Full HD+ Display50MP + 8MP + 50MP | 50MP Front Camera5000 mAh BatteryDimensity 7300 Energy Processor1 Year Manufacturer Warranty for Device and 6 Months Manufacturer Warranty for Inbox Accessories",4.4
"Apple iPhone XR (Black, 64 GB) (Includes EarPods, Power Adapter)","?47,900","Apple iPhone XR (Black, 64 GB) (Includes EarPods, Power Adapter)4.61,00,905 Ratings & 8,477 Reviews64 GB ROM15.5 cm (6.102 inch) Display12MP Rear Camera | 7MP Front CameraA12 Bionic Chip ProcessoriOS 13 Compatible1 year warranty for phone and 1 year warranty for in Box Accessories.",4.6
"OnePlus 10 Pro 5G (Emerald Forest, 128 GB)","?35,999","OnePlus 10 Pro 5G (Emerald Forest, 128 GB)4.2793 Ratings & 50 Reviews8 GB RAM | 128 GB ROM17.02 cm (6.7 inch) Display48MP Rear Camera5000 mAh Battery1 year manufacturer warranty for device and 6 months manufacturer warranty for in-box accessories including batteries from the date of purchase",4.2
"OnePlus 9 Pro 5G (Stellar Black, 128 GB)","?39,900","OnePlus 9 Pro 5G (Stellar Black, 128 GB)4.1257 Ratings & 23 Reviews8 GB RAM | 128 GB ROM17.02 cm (6.7 inch) Display48MP Rear Camera4500 mAh Battery1 Year Warranty",4.1
"Apple iPhone SE (Black, 64 GB) (Includes EarPods, Power Adapter)","?43,900","Apple iPhone SE (Black, 64 GB) (Includes EarPods, Power Adapter)4.51,54,683 Ratings & 11,988 Reviews64 GB ROM11.94 cm (4.7 inch) Retina HD Display12MP Rear Camera | 7MP Front CameraA13 Bionic Chip with 3rd Gen Neural Engine ProcessorWater and Dust Resistant (1 meter for Upto 30 minutes, IP67)Fast Charge CapableWireless charging (Works with Qi Chargers | Qi Chargers are Sold Separately1 year warranty for phone and 1 year warranty for in Box Accessories.",4.5
"Apple iPhone 11 (Green, 64 GB)","?47,999","Apple iPhone 11 (Green, 64 GB)4.62,06,144 Ratings & 11,403 Reviews64 GB ROM15.49 cm (6.1 inch) Liquid Retina HD Display12MP + 12MP | 12MP Front CameraA13 Bionic Chip Processor1 year warranty for phone and 1 year warranty for in Box Accessories.",4.6
"realme X50 Pro (Moss Green, 256 GB)","?43,999","realme X50 Pro (Moss Green, 256 GB)4.41,674 Ratings & 186 Reviews12 GB RAM | 256 GB ROM16.36 cm (6.44 inch) Full HD+ Display64MP + 12MP + 8MP + 2MP | 32MP + 8MP Dual Front Camera4200 mAh Battery5G PhoneQualcomm Snapdragon 865 Processor65W Superdart ChargeBrand Warranty of 1 Year Available for Mobile and 6 Months for Accessories",4.4
"Google Pixel 6a (Charcoal, 128 GB)","?41,999","Google Pixel 6a (Charcoal, 128 GB)4.375,526 Ratings & 8,531 Reviews6 GB RAM | 128 GB ROM15.6 cm (6.14 inch) Full HD+ Display12.2MP + 12MP | 8MP Front Camera4410 mAh BatteryGoogle Tensor Processor1 Year Brand Warranty",4.3
"SAMSUNG Galaxy A73 5G (Awesome Gray, 128 GB)","?44,999","SAMSUNG Galaxy A73 5G (Awesome Gray, 128 GB)4.21,883 Ratings & 224 Reviews8 GB RAM | 128 GB ROM | Expandable Upto 1 TB17.02 cm (6.7 inch) Full HD+ Display108MP + 12MP + 5MP + 5MP | 32MP Front Camera5000 mAh Li-ion BatteryQualcomm Snapdragon 778G Processor1 Year Manufacturer Warranty for Device and 6 Months Manufacturer Warranty for In-Box",4.2
"Google Pixel 7 Pro (Hazel, 128 GB)","?47,900","Google Pixel 7 Pro (Hazel, 128 GB)4.37,357 Ratings & 907 Reviews12 GB RAM | 128 GB ROM17.02 cm (6.7 inch) Quad HD+ Display50MP + 48MP + 12MP | 10.8MP Front Camera4926 mAh BatteryGoogle Tensor G2 Processor1 Year Domestic Warranty",4.3
"Apple iPhone XR (White, 64 GB) (Includes EarPods, Power Adapter)","?47,900","Apple iPhone XR (White, 64 GB) (Includes EarPods, Power Adapter)4.61,00,905 Ratings & 8,477 Reviews64 GB ROM15.49 cm (6.1 inch) Display12MP Rear Camera | 7MP Front CameraA12 Bionic Chip ProcessoriOS 13 Compatible1 year warranty for phone and 1 year warranty for in Box Accessories.",4.6
"Apple iPhone XR (Yellow, 64 GB) (Includes EarPods, Power Adapter)","?20,999","Apple iPhone XR (Yellow, 64 GB) (Includes EarPods, Power Adapter)4.61,00,905 Ratings & 8,477 Reviews64 GB ROM15.49 cm (6.1 inch) Display12MP Rear Camera | 7MP Front CameraA12 Bionic Chip ProcessoriOS 13 Compatible1 year warranty for phone and 1 year warranty for in Box Accessories.",4.6
"OPPO Reno 12 5G (Matte Brown, 256 GB)","?36,999","OPPO Reno 12 5G (Matte Brown, 256 GB)4.42,741 Ratings & 187 Reviews8 GB RAM | 256 GB ROM | Expandable Upto 1 TB17.02 cm (6.7 inch) Full HD+ Display50MP + 8MP + 2MP | 32MP Front Camera5000 mAh BatteryDimensity 7300 Energy Processor1 Year Manufacturer Warranty for Device and 6 Months Manufacturer Warranty for Inbox Accessories",4.4
"realme GT 6 (Razor Green, 512 GB)","?33,999","realme GT 6 (Razor Green, 512 GB)4.54,763 Ratings & 545 Reviews16 GB RAM | 512 GB ROM17.22 cm (6.78 inch) Full HD+ Display50MP + 8MP + 50MP | 32MP Front Camera5500 mAh Battery8s Gen 3 Mobile Platform Processor1 Year Manufacturer Warranty for Device and 6 Months Manufacturer Warranty for Inbox Accessories",4.5
"SAMSUNG Galaxy A36 5G (Awesome Black, 256 GB)","?20,999","SAMSUNG Galaxy A36 5G (Awesome Black, 256 GB)4.3448 Ratings & 41 Reviews8 GB RAM | 256 GB ROM17.02 cm (6.7 inch) Full HD+ Display50MP + 8MP | 12MP Front Camera5000 mAh BatteryQualcomm Snapdragon 6 Gen 3 Processor1 Year Manufacturer Warranty for Device and 6 Months for In-Box Accessories",4.3
"CMF by Nothing Phone 2 Pro (Orange, 256 GB)","?24,999","CMF by Nothing Phone 2 Pro (Orange, 256 GB)4.43,573 Ratings & 433 Reviews8 GB RAM | 256 GB ROM | Expandable Upto 2 TB17.2 cm (6.77 inch) Display50MP + 50MP + 8MP | 16MP Front Camera5000 mAh BatteryDimensity 7300 Pro 5G Processor1 Year Manufacturing Warranty",4.4
"Nothing Phone (3a) (White, 128 GB)","?41,999","Nothing Phone (3a) (White, 128 GB)4.518,599 Ratings & 1,804 Reviews8 GB RAM | 128 GB ROM17.2 cm (6.77 inch) Full HD+ Display50MP (Main) + 50MP (2X Tele Photo) + 8MP (Ultra-Wide) | 32MP Front Camera5000 mAh Battery7s Gen3 Processor1 Year Manufacturing Warranty",4.5
"SAMSUNG Galaxy A73 5G (Awesome Gray, 128 GB)","?44,999","SAMSUNG Galaxy A73 5G (Awesome Gray, 128 GB)4.21,883 Ratings & 224 Reviews8 GB RAM | 128 GB ROM | Expandable Upto 1 TB17.02 cm (6.7 inch) Full HD+ Display108MP + 12MP + 5MP + 5MP | 32MP Front Camera5000 mAh Li-ion BatteryQualcomm Snapdragon 778G Processor1 Year Manufacturer Warranty for Device and 6 Months Manufacturer Warranty for In-Box",4.2
"Google Pixel 7 Pro (Hazel, 128 GB)","?31,999","Google Pixel 7 Pro (Hazel, 128 GB)4.37,357 Ratings & 907 Reviews12 GB RAM | 128 GB ROM17.02 cm (6.7 inch) Quad HD+ Display50MP + 48MP + 12MP | 10.8MP Front Camera4926 mAh BatteryGoogle Tensor G2 Processor1 Year Domestic Warranty",4.3
"Nothing Phone (3a) Pro (Grey, 256 GB)","?47,900","Nothing Phone (3a) Pro (Grey, 256 GB)4.53,481 Ratings & 383 Reviews8 GB RAM | 256 GB ROM17.2 cm (6.77 inch) Full HD+ Display50MP (Main) + 50MP (3X Periscope)+ 8MP (Ultra-Wide) | 50MP Front Camera5000 mAh Battery7s Gen3 Processor1 Year Manufacturing Warranty",4.5
"Apple iPhone XR (White, 64 GB) (Includes EarPods, Power Adapter)","?47,900","Apple iPhone XR (White, 64 GB) (Includes EarPods, Power Adapter)4.61,00,905 Ratings & 8,477 Reviews64 GB ROM15.49 cm (6.1 inch) Display12MP Rear Camera | 7MP Front CameraA12 Bionic Chip ProcessoriOS 13 Compatible1 year warranty for phone and 1 year warranty for in Box Accessories.",4.6
"Apple iPhone XR (Yellow, 64 GB) (Includes EarPods, Power Adapter)","?20,999","Apple iPhone XR (Yellow, 64 GB) (Includes EarPods, Power Adapter)4.61,00,905 Ratings & 8,477 Reviews64 GB ROM15.49 cm (6.1 inch) Display12MP Rear Camera | 7MP Front CameraA12 Bionic Chip ProcessoriOS 13 Compatible1 year warranty for phone and 1 year warranty for in Box Accessories.",4.6
"OPPO Reno 12 5G (Matte Brown, 256 GB)","?29,999","OPPO Reno 12 5G (Matte Brown, 256 GB)4.42,741 Ratings & 187 Reviews8 GB RAM | 256 GB ROM | Expandable Upto 1 TB17.02 cm (6.7 inch) Full HD+ Display50MP + 8MP + 2MP | 32MP Front Camera5000 mAh BatteryDimensity 7300 Energy Processor1 Year Manufacturer Warranty for Device and 6 Months Manufacturer Warranty for Inbox Accessories",4.4
"realme GT 6 (Fluid Silver, 256 GB)","?36,999","realme GT 6 (Fluid Silver, 256 GB)4.52,954 Ratings & 331 Reviews8 GB RAM | 256 GB ROM17.22 cm (6.78 inch) Full HD+ Display50MP + 8MP + 50MP | 32MP Front Camera5500 mAh Battery8s Gen 3 Mobile Platform Processor1 Year Manufacturer Warranty for Device and 6 Months Manufacturer Warranty for Inbox Accessories",4.5
"realme GT 6 (Razor Green, 512 GB)","?30,999","realme GT 6 (Razor Green, 512 GB)4.54,763 Ratings & 545 Reviews16 GB RAM | 512 GB ROM17.22 cm (6.78 inch) Full HD+ Display50MP + 8MP + 50MP | 32MP Front Camera5500 mAh Battery8s Gen 3 Mobile Platform Processor1 Year Manufacturer Warranty for Device and 6 Months Manufacturer Warranty for Inbox Accessories",4.5
"realme GT 6 (Razor Green, 256 GB)","?36,999","realme GT 6 (Razor Green, 256 GB)4.51,403 Ratings & 144 Reviews12 GB RAM | 256 GB ROM17.22 cm (6.78 inch) Full HD+ Display50MP + 8MP + 50MP | 32MP Front Camera5500 mAh Battery8s Gen 3 Mobile Platform Processor1 Year Manufacturer Warranty for Device and 6 Months Manufacturer Warranty for Inbox Accessories",4.5
"vivo V50 5G (Starry Night, 256 GB)","?28,999","vivo V50 5G (Starry Night, 256 GB)4.54,273 Ratings & 413 Reviews8 GB RAM | 256 GB ROM17.2 cm (6.77 inch) Display50MP + 50MP | 50MP Front Camera6000 mAh Battery7 Gen 3 Processor1 Year Manufacturer Warranty for Device and 6 Months Warranty for Inbox Accessories",4.5
"realme 13 Pro+ 5G (Monet Gold, 512 GB)","?37,999","realme 13 Pro+ 5G (Monet Gold, 512 GB)4.48,463 Ratings & 811 Reviews12 GB RAM | 512 GB ROM17.02 cm (6.7 inch) Full HD+ Display50MP + 8MP + 50MP | 32MP Front Camera5200 mAh BatterySnapdragon 7s Gen2 Processor1 Year Manufacturer Warranty for Device and 6 Months Manufacturer Warranty for Inbox Accessories",4.4
"Xiaomi 14 CIVI (Cruise Blue, 256 GB)","?31,999","Xiaomi 14 CIVI (Cruise Blue, 256 GB)4.31,375 Ratings & 173 Reviews8 GB RAM | 256 GB ROM16.64 cm (6.55 inch) Display50MP Rear Camera | 32MP + 32MP Dual Front Camera4700 mAh Battery8s Gen 3 Mobile Platform Processor1 Year Manufacturer Warranty for Phone and 6 Months Warranty for In the Box Accessories",4.3
"realme GT 6 (Razor Green, 256 GB)","?29,995","realme GT 6 (Razor Green, 256 GB)4.52,954 Ratings & 331 Reviews8 GB RAM | 256 GB ROM17.22 cm (6.78 inch) Full HD+ Display50MP + 8MP + 50MP | 32MP Front Camera5500 mAh Battery8s Gen 3 Mobile Platform Processor1 Year Manufacturer Warranty for Device and 6 Months Manufacturer Warranty for Inbox Accessories",4.5
"SAMSUNG Galaxy A55 5G (Awesome Navy, 128 GB)","?38,999","SAMSUNG Galaxy A55 5G (Awesome Navy, 128 GB)4.41,530 Ratings & 135 Reviews8 GB RAM | 128 GB ROM | Expandable Upto 1 TB16.76 cm (6.6 inch) Full HD+ Display50MP + 12MP + 5MP | 32MP Front Camera5000 mAh BatterySamsung Exynos 1480 Processor1 Year Manufacturer Warranty for Device and 6 Months for In-Box Accessories",4.4
"OnePlus 12R (Sunset Dune, 256 GB)","?37,877","OnePlus 12R (Sunset Dune, 256 GB)4.57,262 Ratings & 470 Reviews8 GB RAM | 256 GB ROM17.22 cm (6.78 inch) Display50MP Rear Camera5500 mAh Battery1 Year Brand Warranty",4.5
"IQOO Neo9 Pro (Fiery Red, 256 GB)","?37,249","IQOO Neo9 Pro (Fiery Red, 256 GB)4.5645 Ratings & 42 Reviews8 GB RAM | 256 GB ROM17.22 cm (6.78 inch) Display50MP Rear Camera5160 mAh Battery1 Year",4.5
"IQOO NEO9 PRO (Fiery Red, 256 GB)","?37,999","IQOO NEO9 PRO (Fiery Red, 256 GB)4.5400 Ratings & 29 Reviews12 GB RAM | 256 GB ROM17.22 cm (6.78 inch) Display50MP Rear Camera5160 mAh Battery1 Year",4.5
"SAMSUNG Galaxy S23 FE (Graphite, 256 GB)","?26,728","SAMSUNG Galaxy S23 FE (Graphite, 256 GB)4.471,351 Ratings & 4,376 Reviews8 GB RAM | 256 GB ROM16.26 cm (6.4 inch) Full HD+ Display50MP + 12MP | 10MP Front Camera4500 mAh BatterySamsung Exynos 2200 Processor1 Year Manufacturer Warranty for Device and 6 Months for In-Box Accessories",4.4
"Samsung Galaxy S21 FE 5G with Snapdragon 888 (Olive, 256 GB)","?38,968","Samsung Galaxy S21 FE 5G with Snapdragon 888 (Olive, 256 GB)4.31,51,814 Ratings & 14,085 Reviews8 GB RAM | 256 GB ROM16.26 cm (6.4 inch) Full HD+ Display12MP + 12MP + 8MP (OIS) | 32MP Front Camera4500 mAh Lithium-ion BatterySnapdragon 888 Processor1 Year Manufacturer Warranty for Device and 6 Months Manufacturer Warranty for In-Box Accessories",4.3
"Tecno Phantom X2 (Moonlight Silver, 256 GB)","?39,710","Tecno Phantom X2 (Moonlight Silver, 256 GB)480 Ratings & 7 Reviews8 GB RAM | 256 GB ROM17.27 cm (6.8 inch) Display64MP Rear Camera5160 mAh Battery12 months on smart phone & 6 months on accessories in the box domestic warranty",4
"OnePlus 10 Pro 5G (Emeald Forest, 256 GB)","?37,299","OnePlus 10 Pro 5G (Emeald Forest, 256 GB)3.9351 Ratings & 20 Reviews12 GB RAM | 256 GB ROM17.02 cm (6.7 inch) Display48MP Rear Camera | 32MP Front Camera5000 mAh Battery12 months",3.9
"SAMSUNG Galaxy S22 5G (Phantom White, 128 GB)","?34,999","SAMSUNG Galaxy S22 5G (Phantom White, 128 GB)4.420,899 Ratings & 1,667 Reviews8 GB RAM | 128 GB ROM15.49 cm (6.1 inch) Full HD+ Display50MP + 12MP + 10MP | 10MP Front Camera3700 mAh Lithium-ion BatterySnapdragon 8 Gen 1 Processor1 Year Manufacturer Warranty for Device and 6 Months Manufacturer Warranty for In-Box Accessories",4.4
"SAMSUNG Galaxy S23 FE (Graphite, 128 GB)","?44,999","SAMSUNG Galaxy S23 FE (Graphite, 128 GB)4.471,351 Ratings & 4,376 Reviews8 GB RAM | 128 GB ROM16.26 cm (6.4 inch) Full HD+ Display50MP + 12MP | 10MP Front Camera4500 mAh BatterySamsung Exynos 2200 Processor1 Year Manufacturer Warranty for Device and 6 Months for In-Box Accessories",4.4
"SAMSUNG Galaxy S23 5G (Lavender, 128 GB)","?54,999","SAMSUNG Galaxy S23 5G (Lavender, 128 GB)4.677,276 Ratings & 5,316 Reviews8 GB RAM | 128 GB ROM15.49 cm (6.1 inch) Full HD+ Display50MP + 10MP + 12MP | 12MP Front Camera3900 mAh Lithium Ion BatteryQualcomm Snapdragon 8 Gen 2 Processor1 Year Manufacturer Warranty for Device and 6 Months Manufacturer Warranty for In-Box Accessories",4.6
"OPPO Reno10 Pro+ 5G (Glossy Purple, 256 GB)","?32,999","OPPO Reno10 Pro+ 5G (Glossy Purple, 256 GB)4.52,405 Ratings & 418 Reviews12 GB RAM | 256 GB ROM17.12 cm (6.74 inch) Full HD+ Display50MP + 64MP + 8MP | 32MP Front Camera4700 mAh BatterySnapdragon 8+ Gen 1 Processor1 Year Manufacturer Warranty for Phone and 6 Months Warranty for In the Box Accessories",4.5
"Samsung Galaxy S21 FE 5G with Snapdragon 888 (Graphite, 256 GB)","?45,499","Samsung Galaxy S21 FE 5G with Snapdragon 888 (Graphite, 256 GB)4.31,51,814 Ratings & 14,085 Reviews8 GB RAM | 256 GB ROM16.26 cm (6.4 inch) Full HD+ Display12MP + 12MP + 8MP (OIS) | 32MP Front Camera4500 mAh Lithium-ion BatterySnapdragon 888 Processor1 Year Manufacturer Warranty for Device and 6 Months Manufacturer Warranty for In-Box Accessories",4.3
"OnePlus 11 5G (Marble Odyssey, 256 GB)","?37,499","OnePlus 11 5G (Marble Odyssey, 256 GB)4.51,860 Ratings & 158 Reviews16 GB RAM | 256 GB ROM17.02 cm (6.7 inch) Display50MP Rear Camera5000 mAh Battery1 Year Warranty For Phone and 6 Months Warranty for in-box Accessories",4.5
"SAMSUNG Galaxy A54 5G (Awesome White, 256 GB)","?44,999","SAMSUNG Galaxy A54 5G (Awesome White, 256 GB)4.34,870 Ratings & 400 Reviews8 GB RAM | 256 GB ROM | Expandable Upto 1 TB16.26 cm (6.4 inch) Full HD+ Display50MP + 12MP + 5MP | 32MP Front Camera5000 mAh BatteryExynos 1380, Octa Core Processor1 Year Manufacturer Warranty for Device and 6 Months Manufacturer Warranty for In-Box Accessories",4.3
"Apple iPhone 13 (Green, 128 GB)","?39,999","Apple iPhone 13 (Green, 128 GB)4.62,90,623 Ratings & 13,888 Reviews128 GB ROM15.49 cm (6.1 inch) Super Retina XDR Display12MP + 12MP | 12MP Front CameraA15 Bionic Chip Processor1 year warranty for phone and 1 year warranty for in Box Accessories.",4.6
"OnePlus 12R (Sunset Dune, 128 GB)","?44,999","OnePlus 12R (Sunset Dune, 128 GB)4.57,262 Ratings & 470 Reviews8 GB RAM | 128 GB ROM17.22 cm (6.78 inch) Display50MP Rear Camera5500 mAh Battery1 Year Brand Warranty",4.5
"OnePlus 11 5G (Titan Black, 256 GB)","?47,999","OnePlus 11 5G (Titan Black, 256 GB)4.51,860 Ratings & 158 Reviews16 GB RAM | 256 GB ROM17.02 cm (6.7 inch) Display50MP Rear Camera | 16MP Front Camera5000 mAh Batterydomestic warranty of 12 months on phone & 6 months on accessories",4.5
"Google Pixel 8 (Hazel, 256 GB)","?42,999","Google Pixel 8 (Hazel, 256 GB)4.418,316 Ratings & 1,420 Reviews8 GB RAM | 256 GB ROM15.75 cm (6.2 inch) Full HD+ Display50MP + 12MP | 10.5MP Front Camera4575 mAh BatteryTensor G3 Processor1 Year Domestic Warranty",4.4
"OnePlus 9 Pro 5G (Morning Mist, 128 GB)","?54,800","OnePlus 9 Pro 5G (Morning Mist, 128 GB)4.1257 Ratings & 23 Reviews8 GB RAM | 128 GB ROM17.02 cm (6.7 inch) Display48MP Rear Camera4500 mAh Battery1 Year",4.1
"IQOO 9T 5G (ALPHA, 128 GB)","?50,499","IQOO 9T 5G (ALPHA, 128 GB)4.1101 Ratings & 11 Reviews8 GB RAM | 128 GB ROM17.22 cm (6.78 inch) Display50MP Rear Camera4700 mAh Battery1 Year",4.1
"vivo X90 (Breeze Blue, 256 GB)","?33,999","vivo X90 (Breeze Blue, 256 GB)4.3508 Ratings & 61 Reviews12 GB RAM | 256 GB ROM17.22 cm (6.78 inch) Full HD+ Display50MP + 12MP + 12MP | 32MP Front Camera4810 mAh BatteryDimensity 9200 Processor1 Year Handset and 6 Months Accessories",4.3
"OnePlus 10T 5G (Jade Green, 128 GB)","?54,990","OnePlus 10T 5G (Jade Green, 128 GB)4.3295 Ratings & 19 Reviews8 GB RAM | 128 GB ROM17.02 cm (6.7 inch) Display50MP Rear Camera4800 mAh Battery1 year on phone, 6 months on accessories",4.3
"OnePlus 12 (Silky Black, 512 GB)","?44,990","OnePlus 12 (Silky Black, 512 GB)4.61,443 Ratings & 128 Reviews16 GB RAM | 512 GB ROM17.32 cm (6.82 inch) Display64MP Rear Camera5400 mAh Battery1 Year Brand Warranty",4.6
"OnePlus 7T Pro Mclaren Limited Edition (Papaya Orange, 256 GB)","?45,999","OnePlus 7T Pro Mclaren Limited Edition (Papaya Orange, 256 GB)4.112 Ratings & 2 Reviews12 GB RAM | 256 GB ROM16.94 cm (6.67 inch) Display48MP Rear Camera | 8MP Front Camera4085 mAh Battery1 year manufacturer warranty for device and 6 months manufacturer warranty for in-box accessories including batteries from the date of purchase",4.1
"OnePlus 10T 5G (Moonstone Black, 256 GB)","?41,999","OnePlus 10T 5G (Moonstone Black, 256 GB)4108 Ratings & 8 Reviews16 GB RAM | 256 GB ROM17.02 cm (6.7 inch) Display50MP Rear Camera4800 mAh Battery12 Months",4
"OnePlus 10 Pro 5G (Volcanic Black, 256 GB)","?38,999","OnePlus 10 Pro 5G (Volcanic Black, 256 GB)3.9351 Ratings & 20 Reviews12 GB RAM | 256 GB ROM17.02 cm (6.7 inch) Display48MP Rear Camera5000 mAh Battery1 Year Manufacturer Warranty for Handset and 6 Months Warranty for In the Box Accessories",3.9
"Nothing Phone (2) (White, 256 GB)","?36,499","Nothing Phone (2) (White, 256 GB)4.420,184 Ratings & 2,262 Reviews12 GB RAM | 256 GB ROM17.02 cm (6.7 inch) Full HD+ Display50 MP(OIS) +50MP | 32MP Front Camera4700 mAh Lithium ion BatteryQualcomm Snapdragon 8+ Gen 1 ProcessorLTPO AMOLED (1 Hz - 120 Hz)1 Year Manufacturing Warranty",4.4
"OnePlus 10T 5G (Jade Green, 256 GB)","?33,899","OnePlus 10T 5G (Jade Green, 256 GB)4.2215 Ratings & 15 Reviews12 GB RAM | 256 GB ROM17.02 cm (6.7 inch) Display50MP Rear Camera4800 mAh Battery1 year manufacturer warranty for device and 6 months manufacturer warranty for in-box accessories including batteries from the date of purchase",4.2
"OnePlus 10T 5G (Jade Green, 128 GB)","?31,819","OnePlus 10T 5G (Jade Green, 128 GB)4.3295 Ratings & 19 Reviews8 GB RAM | 128 GB ROM17.02 cm (6.7 inch) Display50MP Rear Camera4800 mAh Battery1 year on phone, 6 months on accessories",4.3
"vivo V30 5G (Peacock Green, 256 GB)","?34,999","vivo V30 5G (Peacock Green, 256 GB)4.57,917 Ratings & 703 Reviews8 GB RAM | 256 GB ROM17.22 cm (6.78 inch) Full HD+ Display50MP + 50MP | 50MP Front Camera5000 mAh Battery7 Gen 3 Processor1 Year Manufacturer Warranty for Device and 6 Months Manufacturer Warranty for Inbox Accessories",4.5
"OnePlus 10R 5G (Forest Green, 256 GB)","?44,999","OnePlus 10R 5G (Forest Green, 256 GB)4.22,426 Ratings & 159 Reviews12 GB RAM | 256 GB ROM17.02 cm (6.7 inch) Display50MP Rear Camera5000 mAh Battery12 months",4.2
"Google Pixel 8 (Hazel, 128 GB)","?38,999","Google Pixel 8 (Hazel, 128 GB)4.418,316 Ratings & 1,420 Reviews8 GB RAM | 128 GB ROM15.75 cm (6.2 inch) Full HD+ Display50MP + 12MP | 10.5MP Front Camera4575 mAh BatteryTensor G3 Processor1 Year Domestic Warranty",4.4
"OnePlus 12R (Sunset Dune, 256 GB)","?37,999","OnePlus 12R (Sunset Dune, 256 GB)4.57,262 Ratings & 470 Reviews8 GB RAM | 256 GB ROM17.22 cm (6.78 inch) Display50MP Rear Camera5500 mAh Battery1 Year Brand Warranty",4.5
"OPPO Reno13 5G (Sky Blue, 256 GB)","?20,999","OPPO Reno13 5G (Sky Blue, 256 GB)4.43,123 Ratings & 400 Reviews8 GB RAM | 256 GB ROM16.74 cm (6.59 inch) Display50MP + 8MP + 2MP | 50MP Front Camera5600 mAh BatteryDimensity 8350 Processor1 Year Warranty on Handset and 6 Months Warranty on Accessories",4.4
"CMF by Nothing Phone 2 Pro (Light Green, 256 GB)","?24,999","CMF by Nothing Phone 2 Pro (Light Green, 256 GB)4.43,573 Ratings & 433 Reviews8 GB RAM | 256 GB ROM | Expandable Upto 2 TB17.2 cm (6.77 inch) Display50MP + 50MP + 8MP | 16MP Front Camera5000 mAh BatteryDimensity 7300 Pro 5G Processor1 Year Manufacturing Warranty",4.4
"Nothing Phone (3a) (White, 128 GB)","?36,949","Nothing Phone (3a) (White, 128 GB)4.518,599 Ratings & 1,804 Reviews8 GB RAM | 128 GB ROM17.2 cm (6.77 inch) Full HD+ Display50MP (Main) + 50MP (2X Tele Photo) + 8MP (Ultra-Wide) | 32MP Front Camera5000 mAh Battery7s Gen3 Processor1 Year Manufacturing Warranty",4.5
"Xiaomi 12 Pro 5G (Opera Mauve, 256 GB)","?37,999","Xiaomi 12 Pro 5G (Opera Mauve, 256 GB)4.1647 Ratings & 94 Reviews8 GB RAM | 256 GB ROM17.09 cm (6.73 inch) Full HD+ Display50MP + 50MP + 50MP | 32MP Front Camera4600 mAh Lithium Polymer BatterySnapdragon 8 Gen 1 Processor1 Year Manufacturer Warranty for Phone and 6 Months Warranty for In the Box Accessories",4.1
"Mi 10T (Cosmic Black, 128 GB)","?31,999","Mi 10T (Cosmic Black, 128 GB)4.13,867 Ratings & 476 Reviews8 GB RAM | 128 GB ROM16.94 cm (6.67 inch) Full HD+ Display64MP + 13MP + 5MP | 20MP Front Camera5000 mAh Li-ion Polymer BatteryQualcomm Snapdragon 865 Processor144Hz Intelligent AdaptiveSync Display33W Dual Split Flash Charge1 Year Manufacturer Warranty for Device and 6 Months Manufacturer Warranty for In-box Accessories",4.1
"Nothing Phone (3a) Pro (Grey, 256 GB)","?26,999","Nothing Phone (3a) Pro (Grey, 256 GB)4.53,481 Ratings & 383 Reviews8 GB RAM | 256 GB ROM17.2 cm (6.77 inch) Full HD+ Display50MP (Main) + 50MP (3X Periscope)+ 8MP (Ultra-Wide) | 50MP Front Camera5000 mAh Battery7s Gen3 Processor1 Year Manufacturing Warranty",4.5
"OPPO Reno8 5G (Shimmer Black, 128 GB)","?36,999","OPPO Reno8 5G (Shimmer Black, 128 GB)4.339,090 Ratings & 4,654 Reviews8 GB RAM | 128 GB ROM16.33 cm (6.43 inch) Full HD Display50MP + 8MP + 2MP | 32MP Front Camera4500 mAh Lithium-ion Polymer BatteryMediatek Dimensity 1300 Processor1 Year Warranty for Phone and 6 Months Warranty for In-Box Accessories",4.3
"realme GT Neo 3 (Nitro Blue, 128 GB)","?37,999","realme GT Neo 3 (Nitro Blue, 128 GB)4.21,794 Ratings & 228 Reviews8 GB RAM | 128 GB ROM17.02 cm (6.7 inch) Full HD+ Display50MP + 8MP + 2MP | 16MP Front Camera5000 mAh Lithium Ion BatteryMediatek Dimensity 8100 Processor1 Year Manufacturer Warranty for Phone and 6 Months Warranty for In-Box Accessories",4.2
"OPPO Reno10 Pro 5G (Glossy Purple, 256 GB)","?35,999","OPPO Reno10 Pro 5G (Glossy Purple, 256 GB)4.311,279 Ratings & 1,184 Reviews12 GB RAM | 256 GB ROM17.02 cm (6.7 inch) Full HD+ Display50MP + 32MP + 8MP | 32MP Front Camera4600 mAh BatterySnapdragon 778G 5G Processor1 Year Manufacturer Warranty for Phone and 6 Months Warranty for In the Box Accessories",4.3
"vivo V25 Pro 5G (Sailing Blue, 128 GB)","?35,999","vivo V25 Pro 5G (Sailing Blue, 128 GB)4.37,648 Ratings & 931 Reviews8 GB RAM | 128 GB ROM16.66 cm (6.56 inch) Full HD+ Display64MP + 8MP + 2MP | 32MP Front Camera4830 mAh Lithium BatteryMediatek Dimensity 1300 ProcessorColor Changing Fluorite AG Glass Design120 Hz 3D Curve Display1 Year on Handset and 6 Months on Accessories",4.3
"vivo V25 Pro 5G (Pure Black, 128 GB)","?38,999","vivo V25 Pro 5G (Pure Black, 128 GB)4.37,648 Ratings & 931 Reviews8 GB RAM | 128 GB ROM16.66 cm (6.56 inch) Full HD+ Display64MP + 8MP + 2MP | 32MP Front Camera4830 mAh Lithium BatteryMediatek Dimensity 1300 ProcessorColor Changing Fluorite AG Glass Design120 Hz 3D Curve Display1 Year on Handset and 6 Months on Accessories",4.3
"realme GT Neo 3 (Asphalt Black, 256 GB)","?35,999","realme GT Neo 3 (Asphalt Black, 256 GB)4.21,794 Ratings & 228 Reviews8 GB RAM | 256 GB ROM17.02 cm (6.7 inch) Full HD+ Display50MP + 8MP + 2MP | 16MP Front Camera5000 mAh Lithium Ion BatteryMediatek Dimensity 8100 Processor1 Year Manufacturer Warranty for Phone and 6 Months Warranty for In-Box Accessories",4.2
"Mi 10T (Cosmic Black, 128 GB)","?37,899","Mi 10T (Cosmic Black, 128 GB)4.24,163 Ratings & 573 Reviews6 GB RAM | 128 GB ROM16.94 cm (6.67 inch) Full HD+ Display64MP + 13MP + 5MP | 20MP Front Camera5000 mAh Li-ion Polymer BatteryQualcomm Snapdragon 865 Processor144Hz Intelligent AdaptiveSync Display33W Dual Split Flash Charge1 Year Manufacturer Warranty for Device and 6 Months Manufacturer Warranty for In-box Accessories",4.2
"vivo V30 5G (Classic Black, 256 GB)","?35,999","vivo V30 5G (Classic Black, 256 GB)4.51,143 Ratings & 97 Reviews12 GB RAM | 256 GB ROM17.22 cm (6.78 inch) Full HD+ Display50MP + 50MP | 50MP Front Camera5000 mAh Battery7 Gen 3 Processor1 Year Manufacturer Warranty for Device and 6 Months Manufacturer Warranty for Inbox Accessories",4.5
"REDMI Note-14 Pro+ 5G (Titan Black, 512 GB)","?35,499","REDMI Note-14 Pro+ 5G (Titan Black, 512 GB)4.735 Ratings & 0 Reviews12 GB RAM | 512 GB ROM16.94 cm (6.67 inch) Display50MP + 50MP + 8MP | 20MP Front Camera6200 mAh Battery7s Gen 3 Processor1 Year Manufacturer Warranty for Phone and 6 Months Warranty for In the Box Accessories",4.7
"REDMI Note-14 Pro+ 5G (Spectre Blue, 512 GB)","?35,999","REDMI Note-14 Pro+ 5G (Spectre Blue, 512 GB)4.735 Ratings & 0 Reviews12 GB RAM | 512 GB ROM16.94 cm (6.67 inch) Display50MP + 50MP + 8MP | 20MP Front Camera6200 mAh Battery7s Gen 3 Processor1 Year Manufacturer Warranty for Phone and 6 Months Warranty for In the Box Accessories",4.7
"REDMI Note-14 Pro+ 5G (Phantom Purple, 512 GB)","?39,999","REDMI Note-14 Pro+ 5G (Phantom Purple, 512 GB)4.735 Ratings & 0 Reviews12 GB RAM | 512 GB ROM16.94 cm (6.67 inch) Display50MP + 50MP + 8MP | 20MP Front Camera6200 mAh Battery7s Gen 3 Processor1 Year Manufacturer Warranty for Phone and 6 Months Warranty for In the Box Accessories",4.7
"SAMSUNG Galaxy S21 FE 5G (Graphite, 128 GB)","?39,900","SAMSUNG Galaxy S21 FE 5G (Graphite, 128 GB)4.31,51,814 Ratings & 14,085 Reviews8 GB RAM | 128 GB ROM16.26 cm (6.4 inch) Full HD+ Display12MP + 12MP + 8MP (OIS) | 32MP Front Camera4500 mAh Lithium-ion Battery1 Year Manufacturer Warranty for Device and 6 Months Manufacturer Warranty for In-Box Accessories",4.3
"Apple iPhone SE (Black, 64 GB)","?37,499","Apple iPhone SE (Black, 64 GB)4.51,54,683 Ratings & 11,988 Reviews64 GB ROM11.94 cm (4.7 inch) Retina HD Display12MP Rear Camera | 7MP Front CameraA13 Bionic Chip with 3rd Gen Neural Engine ProcessorWater and Dust Resistant (1 meter for Upto 30 minutes, IP67)Fast Charge CapableWireless charging (Works with Qi Chargers | Qi Chargers are Sold Separately1 year warranty for phone and 1 year warranty for in Box Accessories.",4.5
"SAMSUNG Galaxy A54 5G (Awesome Lime, 256 GB)","?39,999","SAMSUNG Galaxy A54 5G (Awesome Lime, 256 GB)4.34,870 Ratings & 400 Reviews8 GB RAM | 256 GB ROM | Expandable Upto 1 TB16.26 cm (6.4 inch) Full HD+ Display50MP + 12MP + 5MP | 32MP Front Camera5000 mAh BatteryExynos 1380, Octa Core Processor1 Year Manufacturer Warranty for Device and 6 Months Manufacturer Warranty for In-Box Accessories",4.3
"vivo V29 Pro 5G (Black, 256 GB)","?34,999","vivo V29 Pro 5G (Black, 256 GB)4.56,248 Ratings & 908 Reviews8 GB RAM | 256 GB ROM17.22 cm (6.78 inch) Full HD+ AMOLED Display50MP + 12MP + 8MP | 50MP Front Camera4600 mAh BatteryDimensity 8200 Processor1 Year Manufacturer Warranty for Phone and 6 Months Warranty for In the Box Accessories",4.5
"vivo V40 5G (Purple, 128 GB)","?36,999","vivo V40 5G (Purple, 128 GB)4.58,498 Ratings & 888 Reviews8 GB RAM | 128 GB ROM17.22 cm (6.78 inch) Full HD+ Display50MP + 50MP | 50MP Front Camera5500 mAh BatterySnapdragon 7 Gen 3 Processor1 Year Warranty on Handset and 6 Months Warranty on Accessories",4.5
"OPPO Reno 12 Pro 5G (Manish Malhotra Limited Edition, 256 GB)","?37,499","OPPO Reno 12 Pro 5G (Manish Malhotra Limited Edition, 256 GB)4.45,143 Ratings & 420 Reviews12 GB RAM | 256 GB ROM | Expandable Upto 1 TB17.02 cm (6.7 inch) Full HD+ Display50MP + 8MP + 50MP | 50MP Front Camera5000 mAh BatteryDimensity 7300 Energy Processor1 Year Manufacturer Warranty for Device and 6 Months Manufacturer Warranty for Inbox Accessories",4.4
"SAMSUNG Galaxy A54 5G (Awesome Graphite, 256 GB)","?36,999","SAMSUNG Galaxy A54 5G (Awesome Graphite, 256 GB)4.34,870 Ratings & 400 Reviews8 GB RAM | 256 GB ROM | Expandable Upto 1 TB16.26 cm (6.4 inch) Full HD+ Display50MP + 12MP + 5MP | 32MP Front Camera5000 mAh BatteryExynos 1380, Octa Core Processor1 Year Manufacturer Warranty for Device and 6 Months Manufacturer Warranty for In-Box Accessories",4.3
"OPPO Reno 12 Pro 5G (Sunset Gold, 256 GB)","?20,999","OPPO Reno 12 Pro 5G (Sunset Gold, 256 GB)4.45,143 Ratings & 420 Reviews12 GB RAM | 256 GB ROM | Expandable Upto 1 TB17.02 cm (6.7 inch) Full HD+ Display50MP + 8MP + 50MP | 50MP Front Camera5000 mAh BatteryDimensity 7300 Energy Processor1 Year Manufacturer Warranty for Device and 6 Months Manufacturer Warranty for Inbox Accessories",4.4
"CMF by Nothing Phone 2 Pro (Orange, 256 GB)","?24,999","CMF by Nothing Phone 2 Pro (Orange, 256 GB)4.43,573 Ratings & 433 Reviews8 GB RAM | 256 GB ROM | Expandable Upto 2 TB17.2 cm (6.77 inch) Display50MP + 50MP + 8MP | 16MP Front Camera5000 mAh BatteryDimensity 7300 Pro 5G Processor1 Year Manufacturing Warranty",4.4
"Nothing Phone (3a) (White, 128 GB)","?38,990","Nothing Phone (3a) (White, 128 GB)4.518,599 Ratings & 1,804 Reviews8 GB RAM | 128 GB ROM17.2 cm (6.77 inch) Full HD+ Display50MP (Main) + 50MP (2X Tele Photo) + 8MP (Ultra-Wide) | 32MP Front Camera5000 mAh Battery7s Gen3 Processor1 Year Manufacturing Warranty",4.5
"vivo V23 Pro 5G (Sunshine Gold, 128 GB)","?38,990","vivo V23 Pro 5G (Sunshine Gold, 128 GB)4.34,222 Ratings & 422 Reviews8 GB RAM | 128 GB ROM16.66 cm (6.56 inch) Full HD+ Display108MP + 8MP + 2MP | 50MP + 8MP Dual Front Camera4300 mAh Lithium BatteryMediatek Dimensity 1200 Processor1 Year Manufacturer Warranty for Phone and 6 Months Warranty for In the Box Accessories",4.3
"vivo V23 Pro 5G (Stardust Black, 128 GB)","?36,899","vivo V23 Pro 5G (Stardust Black, 128 GB)4.34,222 Ratings & 422 Reviews8 GB RAM | 128 GB ROM | Expandable Upto 12 GB16.66 cm (6.56 inch) Full HD+ Display108MP + 8MP + 2MP | 50MP + 8MP Dual Front Camera4300 mAh Lithium BatteryMediatek Dimensity 1200 Processor1 Year Manufacturer Warranty for Phone and 6 Months Warranty for In the Box Accessories",4.3
"Xiaomi 12 Pro 5G (Noir Black, 256 GB)","?36,999","Xiaomi 12 Pro 5G (Noir Black, 256 GB)4.1647 Ratings & 94 Reviews8 GB RAM | 256 GB ROM17.09 cm (6.73 inch) Full HD+ Display50MP + 50MP + 50MP | 32MP Front Camera4600 mAh Lithium Polymer BatterySnapdragon 8 Gen 1 Processor1 Year Manufacturer Warranty for Phone and 6 Months Warranty for In the Box Accessories",4.1
"vivo V29 5G (Red, 256 GB)","?31,999","vivo V29 5G (Red, 256 GB)4.53,031 Ratings & 284 Reviews12 GB RAM | 256 GB ROM17.22 cm (6.78 inch) Full HD+ AMOLED Display50MP + 8MP + 2MP | 50MP Front Camera4600 mAh Battery778G Processor1 Year Manufacturer Warranty for Phone and 6 Months Warranty for In the Box Accessories",4.5
"Nothing Phone (3a) Pro (Grey, 256 GB)","?39,999","Nothing Phone (3a) Pro (Grey, 256 GB)4.53,481 Ratings & 383 Reviews8 GB RAM | 256 GB ROM17.2 cm (6.77 inch) Full HD+ Display50MP (Main) + 50MP (3X Periscope)+ 8MP (Ultra-Wide) | 50MP Front Camera5000 mAh Battery7s Gen3 Processor1 Year Manufacturing Warranty",4.5
"Tecno Camon 30 Premier 5G (Lava Black, 512 GB)","?39,999","Tecno Camon 30 Premier 5G (Lava Black, 512 GB)4.232 Ratings & 4 Reviews12 GB RAM | 512 GB ROM | Expandable Upto 1 TB16.94 cm (6.67 inch) Display50MP + 50MP + 50MP | 50MP Front Camera5000 mAh BatteryDimensity 8200 5G Processor1 Year Manufacturer Warranty for Phone",4.2
"Mi 10T Pro (Cosmic Black, 128 GB)","?39,999","Mi 10T Pro (Cosmic Black, 128 GB)4.23,703 Ratings & 551 Reviews8 GB RAM | 128 GB ROM16.94 cm (6.67 inch) Full HD+ Display108MP + 13MP + 5MP | 20MP Front Camera5000 mAh Li-ion Polymer BatteryQualcomm Snapdragon 865 Processor144Hz Intelligent AdaptiveSync Display33W Dual Split Flash Charge1 Year Manufacturer Warranty for Device and 6 Months Manufacturer Warranty for In-box Accessories",4.2
"SAMSUNG Galaxy S21 FE 5G (Lavender, 128 GB)","?35,999","SAMSUNG Galaxy S21 FE 5G (Lavender, 128 GB)4.31,51,814 Ratings & 14,085 Reviews8 GB RAM | 128 GB ROM16.26 cm (6.4 inch) Full HD+ Display12MP + 12MP + 8MP (OIS) | 32MP Front Camera4500 mAh Lithium-ion Battery5nm Exynos 2100 Processor1 Year Manufacturer Warranty for Device and 6 Months Manufacturer Warranty for In-Box Accessories",4.3
"OnePlus 9 Pro 5G (Stellar Black, 128 GB)","?39,999","OnePlus 9 Pro 5G (Stellar Black, 128 GB)4.1257 Ratings & 23 Reviews8 GB RAM | 128 GB ROM17.02 cm (6.7 inch) Display48MP Rear Camera4500 mAh Battery1 Year Warranty",4.1
"Tecno Camon 30 Premier 5G (Snowy Silver, 512 GB)","?38,999","Tecno Camon 30 Premier 5G (Snowy Silver, 512 GB)4.232 Ratings & 4 Reviews12 GB RAM | 512 GB ROM | Expandable Upto 1 TB16.94 cm (6.67 inch) Display50MP + 50MP + 50MP | 50MP Front Camera5000 mAh BatteryDimensity 8200 5G Processor1 Year Manufacturer Warranty for Phone",4.2
"OnePlus 10R (Sierra Black, 128 GB)","?38,768","OnePlus 10R (Sierra Black, 128 GB)4.37,497 Ratings & 443 Reviews8 GB RAM | 128 GB ROM17.02 cm (6.7 inch) Display50MP Rear Camera | 16MP Front Camera5000 mAh Battery1 Year Manufacturer Warranty for Handset and 6 Months Warranty for In the Box Accessories",4.3
"vivo V29 Pro 5G (Blue, 256 GB)","?24,999","vivo V29 Pro 5G (Blue, 256 GB)4.51,742 Ratings & 208 Reviews12 GB RAM | 256 GB ROM17.22 cm (6.78 inch) Full HD+ AMOLED Display50MP + 12MP + 8MP | 50MP Front Camera4600 mAh BatteryDimensity 8200 Processor1 Year Manufacturer Warranty for Phone and 6 Months Warranty for In the Box Accessories",4.5
"SAMSUNG Galaxy A53 (Awesome Blue, 128 GB)","?39,991","SAMSUNG Galaxy A53 (Awesome Blue, 128 GB)4.11,945 Ratings & 187 Reviews8 GB RAM | 128 GB ROM | Expandable Upto 1 TB16.51 cm (6.5 inch) Full HD+ Display64MP + 12MP + 5MP + 5MP | 32MP Front Camera5000 mAh Lithium Ion BatteryExynos Octa Core Processor Processor1 Year Manufacturer Warranty for Device and 6 Months Manufacturer Warranty for In-Box",4.1
"OnePlus 10T 5G (Moonstone Black, 256 GB)","?39,990","OnePlus 10T 5G (Moonstone Black, 256 GB)4.2215 Ratings & 15 Reviews12 GB RAM | 256 GB ROM17.02 cm (6.7 inch) Display50MP Rear Camera4800 mAh Battery1 year on phone & 6 months on accessories",4.2
"Samsung Galaxy S21 FE 5G with Snapdragon 888 (Lavender, 256 GB)","?35,990","Samsung Galaxy S21 FE 5G with Snapdragon 888 (Lavender, 256 GB)4.31,51,814 Ratings & 14,085 Reviews8 GB RAM | 256 GB ROM16.26 cm (6.4 inch) Full HD+ Display12MP + 12MP + 8MP (OIS) | 32MP Front Camera4500 mAh Lithium-ion BatterySnapdragon 888 Processor1 Year Manufacturer Warranty for Device and 6 Months Manufacturer Warranty for In-Box Accessories",4.3
"Xiaomi 12 Pro 5G (Couture Blue, 256 GB)","?37,999","Xiaomi 12 Pro 5G (Couture Blue, 256 GB)4.1647 Ratings & 94 Reviews8 GB RAM | 256 GB ROM17.09 cm (6.73 inch) Full HD+ Display50MP + 50MP + 50MP | 32MP Front Camera4600 mAh Lithium Polymer BatterySnapdragon 8 Gen 1 Processor1 Year Manufacturer Warranty for Phone and 6 Months Warranty for In the Box Accessories",4.1
"Mi Mix 2 (Black, 128 GB)","?39,999","Mi Mix 2 (Black, 128 GB)4.36,030 Ratings & 1,031 Reviews6 GB RAM | 128 GB ROM15.21 cm (5.99 inch) Full HD+ Display12MP Rear Camera | 5MP Front Camera3400 mAh Li-polymer BatteryQualcomm Snapdragon 835 Octa Core 2.5 GHz ProcessorBrand Warranty of 1 Year Available for Mobile and 6 Months for Accessories",4.3
"SAMSUNG Galaxy S21 FE 5G (Olive Green, 128 GB)","?39,900","SAMSUNG Galaxy S21 FE 5G (Olive Green, 128 GB)4.31,51,814 Ratings & 14,085 Reviews8 GB RAM | 128 GB ROM16.26 cm (6.4 inch) Full HD+ Display12MP + 12MP + 8MP (OIS) | 32MP Front Camera4500 mAh Lithium-ion Battery1 Year Manufacturer Warranty for Device and 6 Months Manufacturer Warranty for In-Box Accessories",4.3
"Apple iPhone SE (Black, 64 GB) (Includes EarPods, Power Adapter)","?36,999","Apple iPhone SE (Black, 64 GB) (Includes EarPods, Power Adapter)4.51,54,683 Ratings & 11,988 Reviews64 GB ROM11.94 cm (4.7 inch) Retina HD Display12MP Rear Camera | 7MP Front CameraA13 Bionic Chip with 3rd Gen Neural Engine ProcessorWater and Dust Resistant (1 meter for Upto 30 minutes, IP67)Fast Charge CapableWireless charging (Works with Qi Chargers | Qi Chargers are Sold Separately1 year warranty for phone and 1 year warranty for in Box Accessories.",4.5
"Infinix Zero Ultra (Genesis Noir, 256 GB)","?39,990","Infinix Zero Ultra (Genesis Noir, 256 GB)41,840 Ratings & 254 Reviews8 GB RAM | 256 GB ROM17.27 cm (6.8 inch) Full HD+ Display200MP + 13MP + 2MP | 32MP Front Camera4500 mAh Lithium-ion Polymer BatteryMediatek Dimensity 920 Processor1 Year on Handset and 6 Months on Accessories",4
"vivo X50 (Glaze Black, 128 GB)","?74,900","vivo X50 (Glaze Black, 128 GB)4.32,108 Ratings & 240 Reviews8 GB RAM | 128 GB ROM16.66 cm (6.56 inch) Full HD+ E3 Super AMOLED Display48MP + 13MP + 8MP + 5MP | 32MP Front Camera4200 mAh Lithium-ion BatteryQualcomm Snapdragon 730 Processor33W Vivo FlashCharge 2.01 Year for Handset and 6 Months for In-box Accessories",4.3
"Apple iPhone 16 (White, 128 GB)","?74,900","Apple iPhone 16 (White, 128 GB)4.615,684 Ratings & 666 Reviews128 GB ROM15.49 cm (6.1 inch) Super Retina XDR Display48MP + 12MP | 12MP Front CameraA18 Chip, 6 Core Processor Processor1 year warranty for phone and 1 year warranty for in Box Accessories.",4.6
"Apple iPhone 16 (Black, 128 GB)","?74,900","Apple iPhone 16 (Black, 128 GB)4.615,684 Ratings & 666 Reviews128 GB ROM15.49 cm (6.1 inch) Super Retina XDR Display48MP + 12MP | 12MP Front CameraA18 Chip, 6 Core Processor Processor1 year warranty for phone and 1 year warranty for in Box Accessories.",4.6
"Apple iPhone 16 (Ultramarine, 128 GB)","?20,999","Apple iPhone 16 (Ultramarine, 128 GB)4.615,684 Ratings & 666 Reviews128 GB ROM15.49 cm (6.1 inch) Super Retina XDR Display48MP + 12MP | 12MP Front CameraA18 Chip, 6 Core Processor Processor1 year warranty for phone and 1 year warranty for in Box Accessories.",4.6
"CMF by Nothing Phone 2 Pro (Orange, 256 GB)","?24,999","CMF by Nothing Phone 2 Pro (Orange, 256 GB)4.43,573 Ratings & 433 Reviews8 GB RAM | 256 GB ROM | Expandable Upto 2 TB17.2 cm (6.77 inch) Display50MP + 50MP + 8MP | 16MP Front Camera5000 mAh BatteryDimensity 7300 Pro 5G Processor1 Year Manufacturing Warranty",4.4
"Nothing Phone (3a) (White, 128 GB)","?74,900","Nothing Phone (3a) (White, 128 GB)4.518,599 Ratings & 1,804 Reviews8 GB RAM | 128 GB ROM17.2 cm (6.77 inch) Full HD+ Display50MP (Main) + 50MP (2X Tele Photo) + 8MP (Ultra-Wide) | 32MP Front Camera5000 mAh Battery7s Gen3 Processor1 Year Manufacturing Warranty",4.5
"Apple iPhone 16 (Pink, 128 GB)","?74,900","Apple iPhone 16 (Pink, 128 GB)4.615,684 Ratings & 666 Reviews128 GB ROM15.49 cm (6.1 inch) Super Retina XDR Display48MP + 12MP | 12MP Front CameraA18 Chip, 6 Core Processor Processor1 year warranty for phone and 1 year warranty for in Box Accessories.",4.6
"Apple iPhone 16 (Teal, 128 GB)","?31,999","Apple iPhone 16 (Teal, 128 GB)4.615,684 Ratings & 666 Reviews128 GB ROM15.49 cm (6.1 inch) Super Retina XDR Display48MP + 12MP | 12MP Front CameraA18 Chip, 6 Core Processor Processor1 year warranty for phone and 1 year warranty for in Box Accessories.",4.6
"Nothing Phone (3a) Pro (Grey, 256 GB)",?708,"Nothing Phone (3a) Pro (Grey, 256 GB)4.53,481 Ratings & 383 Reviews8 GB RAM | 256 GB ROM17.2 cm (6.77 inch) Full HD+ Display50MP (Main) + 50MP (3X Periscope)+ 8MP (Ultra-Wide) | 50MP Front Camera5000 mAh Battery7s Gen3 Processor1 Year Manufacturing Warranty",4.5
MAK Bluetooth Selfie Stick,"?13,999",MAK Bluetooth Selfie Stick4.49 Ratings & 1 ReviewsMobile PhonesBuilt-in BatteryLoad Capacity: 500 gFolded: 290 mm | Extended: 1800 mmConnectivity: Bluetooth | Remote IncludedNA,4.4
"vivo T4x 5G (Marine Blue, 128 GB)","?12,999","vivo T4x 5G (Marine Blue, 128 GB)4.544,953 Ratings & 2,588 Reviews6 GB RAM | 128 GB ROM17.07 cm (6.72 inch) Display50MP + 2MP | 8MP Front Camera6500 mAh BatteryDimensity 7300 5G Processor1 Year Warranty for Device and 6 Months Warranty for Accessories",4.5
"OPPO K12x 5G with 45W SUPERVOOC Charger In-The-Box (Feather Pink, 128 GB)","?14,999","OPPO K12x 5G with 45W SUPERVOOC Charger In-The-Box (Feather Pink, 128 GB)4.51,67,594 Ratings & 5,994 Reviews6 GB RAM | 128 GB ROM | Expandable Upto 1 TB16.94 cm (6.67 inch) HD Display32MP + 2MP | 8MP Front Camera5100 mAh BatteryDimensity 6300 Processor1 Year Manufacturer Warranty for Device and 6 Months Manufacturer Warranty for Inbox Accessories",4.5
"vivo T4x 5G (Marine Blue, 128 GB)","?12,999","vivo T4x 5G (Marine Blue, 128 GB)4.531,267 Ratings & 1,976 Reviews8 GB RAM | 128 GB ROM17.07 cm (6.72 inch) Display50MP + 2MP | 8MP Front Camera6500 mAh BatteryDimensity 7300 5G Processor1 Year Warranty for Device and 6 Months Warranty for Accessories",4.5
"OPPO K12x 5G with 45W SUPERVOOC Charger In-The-Box (Breeze Blue, 128 GB)","?14,999","OPPO K12x 5G with 45W SUPERVOOC Charger In-The-Box (Breeze Blue, 128 GB)4.51,67,594 Ratings & 5,994 Reviews6 GB RAM | 128 GB ROM | Expandable Upto 1 TB16.94 cm (6.67 inch) HD Display32MP + 2MP | 8MP Front Camera5100 mAh BatteryDimensity 6300 Processor1 Year Manufacturer Warranty for Device and 6 Months Manufacturer Warranty for Inbox Accessories",4.5
"vivo T4x 5G (Pronto Purple, 128 GB)","?16,999","vivo T4x 5G (Pronto Purple, 128 GB)4.531,267 Ratings & 1,976 Reviews8 GB RAM | 128 GB ROM17.07 cm (6.72 inch) Display50MP + 2MP | 8MP Front Camera6500 mAh BatteryDimensity 7300 5G Processor1 Year Warranty for Device and 6 Months Warranty for Accessories",4.5
"vivo T4x 5G (Pronto Purple, 256 GB)","?15,999","vivo T4x 5G (Pronto Purple, 256 GB)4.531,267 Ratings & 1,976 Reviews8 GB RAM | 256 GB ROM17.07 cm (6.72 inch) Display50MP + 2MP | 8MP Front Camera6500 mAh BatteryDimensity 7300 5G Processor1 Year Warranty for Device and 6 Months Warranty for Accessories",4.5
"Motorola G85 5G (Cobalt Blue, 128 GB)","?6,499","Motorola G85 5G (Cobalt Blue, 128 GB)4.41,81,187 Ratings & 9,557 Reviews8 GB RAM | 128 GB ROM16.94 cm (6.67 inch) Full HD+ Display50MP + 8MP | 32MP Front Camera5000 mAh Battery6s Gen 3 Processor1 Year on Handset and 6 Months on Accessories",4.4
"SAMSUNG Galaxy F05 (Twilight Blue, 64 GB)","?12,999","SAMSUNG Galaxy F05 (Twilight Blue, 64 GB)4.248,438 Ratings & 2,838 Reviews4 GB RAM | 64 GB ROM | Expandable Upto 1 TB17.12 cm (6.74 inch) HD+ Display50MP + 2MP | 8MP Front Camera5000 mAh BatteryHelio G85 Processor1 Year Manufacturer Warranty for Device and 6 Months for In-Box Accessories",4.2
"OPPO K12x 5G with 45W SUPERVOOC Charger In-The-Box (Midnight Violet, 128 GB)","?16,999","OPPO K12x 5G with 45W SUPERVOOC Charger In-The-Box (Midnight Violet, 128 GB)4.51,67,594 Ratings & 5,994 Reviews6 GB RAM | 128 GB ROM | Expandable Upto 1 TB16.94 cm (6.67 inch) HD Display32MP + 2MP | 8MP Front Camera5100 mAh BatteryDimensity 6300 Processor1 Year Manufacturer Warranty for Device and 6 Months Manufacturer Warranty for Inbox Accessories",4.5
"vivo T4x 5G (Marine Blue, 256 GB)","?11,999","vivo T4x 5G (Marine Blue, 256 GB)4.531,267 Ratings & 1,976 Reviews8 GB RAM | 256 GB ROM17.07 cm (6.72 inch) Display50MP + 2MP | 8MP Front Camera6500 mAh BatteryDimensity 7300 5G Processor1 Year Warranty for Device and 6 Months Warranty for Accessories",4.5
"Motorola g45 5G (Pink Lavender, 128 GB)","?18,999","Motorola g45 5G (Pink Lavender, 128 GB)4.31,55,179 Ratings & 8,225 Reviews8 GB RAM | 128 GB ROM | Expandable Upto 1 TB16.51 cm (6.5 inch) HD+ Display50MP + 2MP | 16MP Front Camera5000 mAh BatterySnapdragon 6s Gen 3 Processor1 Year Warranty on Handset and 6 Months Warranty on Accessories",4.3
"Motorola Edge 50 Fusion (Forest Blue, 128 GB)","?13,999","Motorola Edge 50 Fusion (Forest Blue, 128 GB)4.51,14,040 Ratings & 7,513 Reviews8 GB RAM | 128 GB ROM17.02 cm (6.7 inch) Full HD+ Display50MP + 13MP | 32MP Front Camera5000 mAh Battery7s Gen 2 Processor1 Year on Handset and 6 Months on Accessories",4.5
"vivo T4x 5G (Pronto Purple, 128 GB)","?15,999","vivo T4x 5G (Pronto Purple, 128 GB)4.544,953 Ratings & 2,588 Reviews6 GB RAM | 128 GB ROM17.07 cm (6.72 inch) Display50MP + 2MP | 8MP Front Camera6500 mAh BatteryDimensity 7300 5G Processor1 Year Warranty for Device and 6 Months Warranty for Accessories",4.5
"OPPO K12x 5G with 45W SUPERVOOC Charger In-The-Box (Breeze Blue, 256 GB)","?20,999","OPPO K12x 5G with 45W SUPERVOOC Charger In-The-Box (Breeze Blue, 256 GB)4.420,022 Ratings & 885 Reviews8 GB RAM | 256 GB ROM | Expandable Upto 1 TB16.94 cm (6.67 inch) HD Display32MP + 2MP | 8MP Front Camera5100 mAh BatteryDimensity 6300 Processor1 Year Manufacturer Warranty for Device and 6 Months Manufacturer Warranty for Inbox Accessories",4.4
"CMF by Nothing Phone 2 Pro (Light Green, 256 GB)","?24,999","CMF by Nothing Phone 2 Pro (Light Green, 256 GB)4.43,573 Ratings & 433 Reviews8 GB RAM | 256 GB ROM | Expandable Upto 2 TB17.2 cm (6.77 inch) Display50MP + 50MP + 8MP | 16MP Front Camera5000 mAh BatteryDimensity 7300 Pro 5G Processor1 Year Manufacturing Warranty",4.4
"Nothing Phone (3a) (White, 128 GB)","?7,299","Nothing Phone (3a) (White, 128 GB)4.518,599 Ratings & 1,804 Reviews8 GB RAM | 128 GB ROM17.2 cm (6.77 inch) Full HD+ Display50MP (Main) + 50MP (2X Tele Photo) + 8MP (Ultra-Wide) | 32MP Front Camera5000 mAh Battery7s Gen3 Processor1 Year Manufacturing Warranty",4.5
"MOTOROLA g05 (Plum Red, 64 GB)","?11,999","MOTOROLA g05 (Plum Red, 64 GB)4.325,958 Ratings & 2,049 Reviews4 GB RAM | 64 GB ROM | Expandable Upto 1 TB16.94 cm (6.67 inch) HD+ Display50MP Rear Camera | 8MP Front Camera5200 mAh BatteryHelio G81 Processor1 Year Warranty on Handset and 6 Months Warranty on Accessories",4.3
"Motorola g45 5G (Viva Magenta, 128 GB)","?31,999","Motorola g45 5G (Viva Magenta, 128 GB)4.31,55,179 Ratings & 8,225 Reviews8 GB RAM | 128 GB ROM | Expandable Upto 1 TB16.51 cm (6.5 inch) HD+ Display50MP + 2MP | 16MP Front Camera5000 mAh BatterySnapdragon 6s Gen 3 Processor1 Year Warranty on Handset and 6 Months Warranty on Accessories",4.3
"Nothing Phone (3a) Pro (Grey, 256 GB)",?708,"Nothing Phone (3a) Pro (Grey, 256 GB)4.53,481 Ratings & 383 Reviews8 GB RAM | 256 GB ROM17.2 cm (6.77 inch) Full HD+ Display50MP (Main) + 50MP (3X Periscope)+ 8MP (Ultra-Wide) | 50MP Front Camera5000 mAh Battery7s Gen3 Processor1 Year Manufacturing Warranty",4.5
MAK Bluetooth Selfie Stick,"?15,999",MAK Bluetooth Selfie Stick4.49 Ratings & 1 ReviewsMobile PhonesBuilt-in BatteryLoad Capacity: 500 gFolded: 290 mm | Extended: 1800 mmConnectivity: Bluetooth | Remote IncludedNA,4.4
"Motorola G85 5G (Urban Grey, 128 GB)","?7,699","Motorola G85 5G (Urban Grey, 128 GB)4.41,81,187 Ratings & 9,557 Reviews8 GB RAM | 128 GB ROM16.94 cm (6.67 inch) Full HD+ Display50MP + 8MP | 32MP Front Camera5000 mAh Battery6s Gen 3 Processor1 Year on Handset and 6 Months on Accessories",4.4
"POCO C75 5G (Enchanted Green, 64 GB)","?15,999","POCO C75 5G (Enchanted Green, 64 GB)4.348,727 Ratings & 2,540 Reviews4 GB RAM | 64 GB ROM | Expandable Upto 1 TB17.48 cm (6.88 inch) HD+ Display50MP Rear Camera | 5MP Front Camera5160 mAh Battery4s Gen 2 5G Processor1 Year Manufacturer Warranty for Phone and 6 Months Warranty for In the Box Accessories",4.3
"OPPO K12x 5G with 45W SUPERVOOC Charger In-The-Box (Feather Pink, 256 GB)","?74,900","OPPO K12x 5G with 45W SUPERVOOC Charger In-The-Box (Feather Pink, 256 GB)4.420,022 Ratings & 885 Reviews8 GB RAM | 256 GB ROM | Expandable Upto 1 TB16.94 cm (6.67 inch) HD Display32MP + 2MP | 8MP Front Camera5100 mAh BatteryDimensity 6300 Processor1 Year Manufacturer Warranty for Device and 6 Months Manufacturer Warranty for Inbox Accessories",4.4
"Apple iPhone 16 (Black, 128 GB)","?18,999","Apple iPhone 16 (Black, 128 GB)4.615,684 Ratings & 666 Reviews128 GB ROM15.49 cm (6.1 inch) Super Retina XDR Display48MP + 12MP | 12MP Front CameraA18 Chip, 6 Core Processor Processor1 year warranty for phone and 1 year warranty for in Box Accessories.",4.6
"Motorola Edge 50 Fusion (Forest Blue, 128 GB)","?7,799","Motorola Edge 50 Fusion (Forest Blue, 128 GB)4.51,14,040 Ratings & 7,513 Reviews8 GB RAM | 128 GB ROM17.02 cm (6.7 inch) Full HD+ Display50MP + 13MP | 32MP Front Camera5000 mAh Battery7s Gen 2 Processor1 Year on Handset and 6 Months on Accessories",4.5
"POCO C75 5G (Aqua Bliss, 64 GB)","?17,999","POCO C75 5G (Aqua Bliss, 64 GB)4.348,727 Ratings & 2,540 Reviews4 GB RAM | 64 GB ROM | Expandable Upto 1 TB17.48 cm (6.88 inch) HD+ Display50MP Rear Camera | 5MP Front Camera5160 mAh Battery4s Gen 2 5G Processor1 Year Manufacturer Warranty for Phone and 6 Months Warranty for In the Box Accessories",4.3
"Motorola G85 5G (Cobalt Blue, 256 GB)","?13,567","Motorola G85 5G (Cobalt Blue, 256 GB)4.470,099 Ratings & 3,914 Reviews12 GB RAM | 256 GB ROM16.94 cm (6.67 inch) Full HD+ Display50MP + 8MP | 32MP Front Camera5000 mAh Battery6s Gen 3 Processor1 Year on Handset and 6 Months on Accessories",4.4
"SAMSUNG Galaxy M35 5G (DayBreak Blue, 128 GB)","?11,999","SAMSUNG Galaxy M35 5G (DayBreak Blue, 128 GB)4.417,406 Ratings & 1,452 Reviews6 GB RAM | 128 GB ROM16.76 cm (6.6 inch) Display50MP Rear Camera6000 mAh Battery1 YEAR",4.4
"Motorola g45 5G (Brilliant Green, 128 GB)","?18,999","Motorola g45 5G (Brilliant Green, 128 GB)4.31,55,179 Ratings & 8,225 Reviews8 GB RAM | 128 GB ROM | Expandable Upto 1 TB16.51 cm (6.5 inch) HD+ Display50MP + 2MP | 16MP Front Camera5000 mAh BatterySnapdragon 6s Gen 3 Processor1 Year Warranty on Handset and 6 Months Warranty on Accessories",4.3
"Motorola Edge 50 Fusion (Marshmallow Blue, 128 GB)","?21,499","Motorola Edge 50 Fusion (Marshmallow Blue, 128 GB)4.51,14,040 Ratings & 7,513 Reviews8 GB RAM | 128 GB ROM17.02 cm (6.7 inch) Full HD+ Display50MP + 13MP | 32MP Front Camera5000 mAh Battery7s Gen 2 Processor1 Year on Handset and 6 Months on Accessories",4.5
"OnePlus Nord CE4 lite 5G (MEGA BLUE, 256 GB)","?22,499","OnePlus Nord CE4 lite 5G (MEGA BLUE, 256 GB)4.418,966 Ratings & 945 Reviews8 GB RAM | 256 GB ROM16.94 cm (6.67 inch) Display50MP Rear Camera5500 mAh Battery1 year",4.4
"OnePlus Nord CE4 lite 5G (SUPER SILVER, 256 GB)","?17,999","OnePlus Nord CE4 lite 5G (SUPER SILVER, 256 GB)4.418,966 Ratings & 945 Reviews8 GB RAM | 256 GB ROM16.94 cm (6.67 inch) Display50MP Rear Camera5500 mAh Battery1 year",4.4
"Motorola G85 5G (Olive Green, 256 GB)","?12,999","Motorola G85 5G (Olive Green, 256 GB)4.470,099 Ratings & 3,914 Reviews12 GB RAM | 256 GB ROM16.94 cm (6.67 inch) Full HD+ Display50MP + 8MP | 32MP Front Camera5000 mAh Battery6s Gen 3 Processor1 Year on Handset and 6 Months on Accessories",4.4
"OPPO K12x 5G with 45W SUPERVOOC Charger In-The-Box (Feather Pink, 128 GB)","?33,999","OPPO K12x 5G with 45W SUPERVOOC Charger In-The-Box (Feather Pink, 128 GB)4.51,67,594 Ratings & 5,994 Reviews6 GB RAM | 128 GB ROM | Expandable Upto 1 TB16.94 cm (6.67 inch) HD Display32MP + 2MP | 8MP Front Camera5100 mAh BatteryDimensity 6300 Processor1 Year Manufacturer Warranty for Device and 6 Months Manufacturer Warranty for Inbox Accessories",4.5
"MOTOROLA Edge 60 Pro (Pantone Dazzling Blue, 256 GB)","?33,999","MOTOROLA Edge 60 Pro (Pantone Dazzling Blue, 256 GB)4.41,292 Ratings & 169 Reviews12 GB RAM | 256 GB ROM17.02 cm (6.7 inch) Display50MP + 50MP + 10MP | 50MP Front Camera6000 mAh BatteryDimensity 8350 Processor1 Year Warranty on Handset and 6 Months Warranty on Accessories",4.4
"MOTOROLA Edge 60 Pro (Pantone Sparkling Grape, 256 GB)","?22,999","MOTOROLA Edge 60 Pro (Pantone Sparkling Grape, 256 GB)4.41,292 Ratings & 169 Reviews12 GB RAM | 256 GB ROM17.02 cm (6.7 inch) Display50MP + 50MP + 10MP | 50MP Front Camera6000 mAh BatteryDimensity 8350 Processor1 Year Warranty on Handset and 6 Months Warranty on Accessories",4.4
"MOTOROLA Edge 60 Stylus (PANTONE Gibraltar Sea, 256 GB)","?25,999","MOTOROLA Edge 60 Stylus (PANTONE Gibraltar Sea, 256 GB)4.43,607 Ratings & 329 Reviews8 GB RAM | 256 GB ROM | Expandable Upto 1 TB16.94 cm (6.67 inch) Display50MP + 13MP | 32MP Front Camera5000 mAh Battery7s Gen 2 Mobile Processor Processor1 Year Warranty on Handset and 6 Months Warranty on Accessories",4.4
"vivo T4 5G (Emerald Blaze, 256 GB)","?7,699","vivo T4 5G (Emerald Blaze, 256 GB)4.51,926 Ratings & 139 Reviews12 GB RAM | 256 GB ROM17.2 cm (6.77 inch) Display50MP (OIS) + 2MP | 32MP Front Camera7300 mAh BatterySnapdragon 7s Gen 3 5G Processor1 Year Warranty on the Handset and 6 Months Warranty on Inbox Accessories",4.5
"POCO C75 5G (Silver Stardust, 64 GB)","?13,999","POCO C75 5G (Silver Stardust, 64 GB)4.348,727 Ratings & 2,540 Reviews4 GB RAM | 64 GB ROM | Expandable Upto 1 TB17.48 cm (6.88 inch) HD+ Display50MP Rear Camera | 5MP Front Camera5160 mAh Battery4s Gen 2 5G Processor1 Year Manufacturer Warranty for Phone and 6 Months Warranty for In the Box Accessories",4.3
"realme P3x 5G (Lunar Silver, 128 GB)","?13,999","realme P3x 5G (Lunar Silver, 128 GB)4.511,858 Ratings & 378 Reviews6 GB RAM | 128 GB ROM17.07 cm (6.72 inch) Full HD Display50MP Rear Camera | 8MP Front Camera6000 mAh BatteryDimensity 6400 Processor1 Year Manufacturer Warranty for Device and 6 Months Manufacturer Warranty for Inbox Accessories",4.5
"realme P3x 5G (Stellar Pink, 128 GB)","?14,999","realme P3x 5G (Stellar Pink, 128 GB)4.511,858 Ratings & 378 Reviews6 GB RAM | 128 GB ROM17.07 cm (6.72 inch) Full HD Display50MP Rear Camera | 8MP Front Camera6000 mAh BatteryDimensity 6400 Processor1 Year Manufacturer Warranty for Device and 6 Months Manufacturer Warranty for Inbox Accessories",4.5
"realme P3x 5G (Midnight Blue, 128 GB)","?54,100","realme P3x 5G (Midnight Blue, 128 GB)4.53,635 Ratings & 171 Reviews8 GB RAM | 128 GB ROM17.07 cm (6.72 inch) Full HD Display50MP Rear Camera | 8MP Front Camera6000 mAh BatteryDimensity 6400 Processor1 Year Manufacturer Warranty for Device and 6 Months Manufacturer Warranty for Inbox Accessories",4.5
"Apple iPhone 16e (Black, 128 GB)","?11,499","Apple iPhone 16e (Black, 128 GB)4.6833 Ratings & 47 Reviews128 GB ROM15.49 cm (6.1 inch) Super Retina XDR Display48MP Rear Camera | 12MP Front CameraA18 Chip, 6 Core Processor1 year warranty for phone and 1 year warranty for in Box Accessories.",4.6
"vivo T3 Lite 5G (Majestic Black, 128 GB)","?22,999","vivo T3 Lite 5G (Majestic Black, 128 GB)4.496,303 Ratings & 3,411 Reviews6 GB RAM | 128 GB ROM | Expandable Upto 1 TB16.66 cm (6.56 inch) Display50MP + 2MP | 8MP Front Camera5000 mAh BatteryDimensity 6300 Processor1 Year Manufacturer Warranty for Device and 6 Months Manufacturer Warranty for Inbox Accessories",4.4
"MOTOROLA Edge 60 Stylus (PANTONE Surf the Web, 256 GB)","?25,999","MOTOROLA Edge 60 Stylus (PANTONE Surf the Web, 256 GB)4.43,607 Ratings & 329 Reviews8 GB RAM | 256 GB ROM | Expandable Upto 1 TB16.94 cm (6.67 inch) Display50MP + 13MP | 32MP Front Camera5000 mAh Battery7s Gen 2 Mobile Processor Processor1 Year Warranty on Handset and 6 Months Warranty on Accessories",4.4
"vivo T4 5G (Phantom Grey, 256 GB)","?23,999","vivo T4 5G (Phantom Grey, 256 GB)4.51,926 Ratings & 139 Reviews12 GB RAM | 256 GB ROM17.2 cm (6.77 inch) Display50MP (OIS) + 2MP | 32MP Front Camera7300 mAh BatterySnapdragon 7s Gen 3 5G Processor1 Year Warranty on the Handset and 6 Months Warranty on Inbox Accessories",4.5
"vivo T4 5G (Phantom Grey, 256 GB)","?10,499","vivo T4 5G (Phantom Grey, 256 GB)4.510,800 Ratings & 614 Reviews8 GB RAM | 256 GB ROM17.2 cm (6.77 inch) Display50MP (OIS) + 2MP | 32MP Front Camera7300 mAh BatterySnapdragon 7s Gen 3 5G Processor1 Year Warranty on the Handset and 6 Months Warranty on Inbox Accessories",4.5
"vivo T3 Lite 5G (Majestic Black, 128 GB)","?10,499","vivo T3 Lite 5G (Majestic Black, 128 GB)4.466,240 Ratings & 2,217 Reviews4 GB RAM | 128 GB ROM | Expandable Upto 1 TB16.66 cm (6.56 inch) Display50MP + 2MP | 8MP Front Camera5000 mAh BatteryDimensity 6300 Processor1 Year Manufacturer Warranty for Device and 6 Months Manufacturer Warranty for Inbox Accessories",4.4
"vivo T3 Lite 5G (Vibrant Green, 128 GB)","?14,999","vivo T3 Lite 5G (Vibrant Green, 128 GB)4.466,240 Ratings & 2,217 Reviews4 GB RAM | 128 GB ROM | Expandable Upto 1 TB16.66 cm (6.56 inch) Display50MP + 2MP | 8MP Front Camera5000 mAh BatteryDimensity 6300 Processor1 Year Manufacturer Warranty for Device and 6 Months Manufacturer Warranty for Inbox Accessories",4.4
"realme P3x 5G (Stellar Pink, 128 GB)","?21,999","realme P3x 5G (Stellar Pink, 128 GB)4.53,635 Ratings & 171 Reviews8 GB RAM | 128 GB ROM17.07 cm (6.72 inch) Full HD Display50MP Rear Camera | 8MP Front Camera6000 mAh BatteryDimensity 6400 Processor1 Year Manufacturer Warranty for Device and 6 Months Manufacturer Warranty for Inbox Accessories",4.5
"vivo T4 5G (Emerald Blaze, 128 GB)","?21,999","vivo T4 5G (Emerald Blaze, 128 GB)4.510,800 Ratings & 614 Reviews8 GB RAM | 128 GB ROM17.2 cm (6.77 inch) Display50MP (OIS) + 2MP | 32MP Front Camera7300 mAh BatterySnapdragon 7s Gen 3 5G Processor1 Year Warranty on the Handset and 6 Months Warranty on Inbox Accessories",4.5
"vivo T4 5G (Phantom Grey, 128 GB)","?9,999","vivo T4 5G (Phantom Grey, 128 GB)4.510,800 Ratings & 614 Reviews8 GB RAM | 128 GB ROM17.2 cm (6.77 inch) Display50MP (OIS) + 2MP | 32MP Front Camera7300 mAh BatterySnapdragon 7s Gen 3 5G Processor1 Year Warranty on the Handset and 6 Months Warranty on Inbox Accessories",4.5
"MOTOROLA g35 5G (Leaf Green, 128 GB)","?7,299","MOTOROLA g35 5G (Leaf Green, 128 GB)4.244,149 Ratings & 3,496 Reviews4 GB RAM | 128 GB ROM | Expandable Upto 1 TB17.07 cm (6.72 inch) Full HD+ Display50MP + 8MP | 16MP Front Camera5000 mAh BatteryT760 Processor12 5G Bands with VoNR|4K Video Recording|Vision Booster Technology1 Year on Handset and 6 Months on Accessories",4.2
"MOTOROLA g05 (Forest Green, 64 GB)","?17,999","MOTOROLA g05 (Forest Green, 64 GB)4.325,958 Ratings & 2,049 Reviews4 GB RAM | 64 GB ROM | Expandable Upto 1 TB16.94 cm (6.67 inch) HD+ Display50MP Rear Camera | 8MP Front Camera5200 mAh BatteryHelio G81 Processor1 Year Warranty on Handset and 6 Months Warranty on Accessories",4.3
"Motorola G85 5G (Urban Grey, 256 GB)","?17,999","Motorola G85 5G (Urban Grey, 256 GB)4.470,099 Ratings & 3,914 Reviews12 GB RAM | 256 GB ROM16.94 cm (6.67 inch) Full HD+ Display50MP + 8MP | 32MP Front Camera5000 mAh Battery6s Gen 3 Processor1 Year on Handset and 6 Months on Accessories",4.4
"Motorola G85 5G (Viva Magenta, 256 GB)","?10,999","Motorola G85 5G (Viva Magenta, 256 GB)4.470,099 Ratings & 3,914 Reviews12 GB RAM | 256 GB ROM16.94 cm (6.67 inch) Full HD+ Display50MP + 8MP | 32MP Front Camera5000 mAh Battery6s Gen 3 Processor1 Year on Handset and 6 Months on Accessories",4.4
"Motorola g45 5G (Brilliant Green, 128 GB)","?54,999","Motorola g45 5G (Brilliant Green, 128 GB)4.339,955 Ratings & 2,548 Reviews4 GB RAM | 128 GB ROM | Expandable Upto 1 TB16.51 cm (6.5 inch) HD+ Display50MP + 2MP | 16MP Front Camera5000 mAh BatterySnapdragon 6s Gen 3 Processor1 Year Warranty on Handset and 6 Months Warranty on Accessories",4.3
"SAMSUNG Galaxy S24+ 5G (Cobalt Violet, 256 GB)","?54,100","SAMSUNG Galaxy S24+ 5G (Cobalt Violet, 256 GB)4.58,753 Ratings & 680 Reviews12 GB RAM | 256 GB ROM17.02 cm (6.7 inch) Quad HD+ Display50MP + 10MP + 12MP | 12MP Front Camera4900 mAh BatteryExynos 2400 Processor1 Year Manufacturer Warranty for Device and 6 Months for In-Box Accessories",4.5
"Apple iPhone 16e (White, 128 GB)","?16,800","Apple iPhone 16e (White, 128 GB)4.6833 Ratings & 47 Reviews128 GB ROM15.49 cm (6.1 inch) Super Retina XDR Display48MP Rear Camera | 12MP Front CameraA18 Chip, 6 Core Processor1 year warranty for phone and 1 year warranty for in Box Accessories.",4.6
"OnePlus Nord CE4 lite 5G (ULTRA ORANGE, 128 GB)","?18,999","OnePlus Nord CE4 lite 5G (ULTRA ORANGE, 128 GB)4.418,966 Ratings & 945 Reviews8 GB RAM | 128 GB ROM16.94 cm (6.67 inch) Display50MP Rear Camera5500 mAh Battery1 year",4.4
"Motorola Edge 50 Fusion (Hot Pink, 128 GB)","?19,589","Motorola Edge 50 Fusion (Hot Pink, 128 GB)4.51,14,040 Ratings & 7,513 Reviews8 GB RAM | 128 GB ROM17.02 cm (6.7 inch) Full HD+ Display50MP + 13MP | 32MP Front Camera5000 mAh Battery7s Gen 2 Processor1 Year on Handset and 6 Months on Accessories",4.5
"SAMSUNG Galaxy M35 5G (Moonlight Blue, 256 GB)",N/A,"SAMSUNG Galaxy M35 5G (Moonlight Blue, 256 GB)4.31,648 Ratings & 124 Reviews8 GB RAM | 256 GB ROM16.76 cm (6.6 inch) Display50MP Rear Camera6000 mAh Battery1 YEAR",4.3
